Workbook

Sheet tally_data
A1: Campaign | B1: TallyID | C1: State | D1: LGA | E1: Ward | F1: DateImp | G1: No_settlements | H1: TargetPop | I1: NoTeams | J1: NOHseVist | K1: EligChild | L1: FPZERO | M1: FPOTHER | N1: HSEZERO | O1: HSEOTHER | P1: OUT_school | Q1: OUT_market | R1: OUT_worship | S1: OUT_other | T1: TotalOUTSIDE | U1: Noncompliance_HH | V1: Noncompliance_child | W1: Noncompliance_HH_Revisit | X1: Noncompliance_Child_Revisit | Y1: Noncompliance_HH_pending | Z1: Noncompliance_Child_Pending | AA1: Noncompliance_child_reason | AB1: Absence_HH | AC1: Absence_child | AD1: Absence_HH_Revisit | AE1: Absence_Child_Revisit | AF1: Absence_HH_pending | AG1: Absence_Child_pending | AH1: Children Vaccinated | AI1: Vacc Dosesused | AJ1: Decoded Reason
A2: Round 1 | B2: 1 | C2: Marindi | D2: Adema | E2: Adema 1 | F2: 2026-02-15 | G2: 33 | H2: 1798 | I2: 2 | J2: 1700 | K2: 1895 | L2: 66 | M2: 165 | N2: 87 | O2: 1065 | P2: 50 | Q2: 40 | R2: 75 | S2: 6 | T2: 171 | U2: 2 | V2: 4 | W2: 1 | X2: 2 | Y2: 1 | Z2: 2 | AA2: manyrnd | AB2: 4 | AC2: 6 | AD2: 3 | AE2: 5 | AF2: 1 | AG2: 1 | AH2: 1752 | AI2: 2000 | AJ2: {=IF(AA2="", "", XLOOKUP(AA2, 'Appendix B - Reason codes'!$A$4:$A$14, 'Appendix B - Reason codes'!$B$4:$B$14))} -> Fatigue from many rounds
A3: Round 1 | B3: 2 | C3: Marindi | D3: Adema | E3: Adema 2 | F3: 2026-02-15 | G3: 10 | H3: 3279 | I3: 5 | J3: 2586 | K3: 3418 | L3: 58 | M3: 223 | N3: 137 | O3: 2420 | P3: 4 | Q3: 44 | R3: 7 | S3: 83 | T3: 138 | U3: 3 | V3: 6 | W3: 2 | X3: 5 | Y3: 1 | Z3: 1 | AA3: unhappy | AB3: 2 | AC3: 4 | AD3: 2 | AE3: 3 | AF3: 0 | AG3: 1 | AH3: 3162 | AI3: 3600 | AJ3: {=IF(AA3="", "", XLOOKUP(AA3, 'Appendix B - Reason codes'!$A$4:$A$14, 'Appendix B - Reason codes'!$B$4:$B$14))} -> Unhappy (with the team / programme)
A4: Round 1 | B4: 3 | C4: Marindi | D4: Adema | E4: Adema 3 | F4: 2026-02-15 | G4: 37 | H4: 4882 | I4: 7 | J4: 4059 | K4: 5205 | L4: 28 | M4: 61 | N4: 38 | O4: 3705 | P4: 156 | Q4: 98 | R4: 139 | S4: 102 | T4: 495 | U4: 4 | V4: 6 | W4: 3 | X4: 5 | Y4: 1 | Z4: 1 | AA4: manyrnd | AB4: 2 | AC4: 3 | AD4: 2 | AE4: 2 | AF4: 0 | AG4: 1 | AH4: 4408 | AI4: 4900 | AJ4: {=IF(AA4="", "", XLOOKUP(AA4, 'Appendix B - Reason codes'!$A$4:$A$14, 'Appendix B - Reason codes'!$B$4:$B$14))} -> Fatigue from many rounds
A5: Round 1 | B5: 4 | C5: Marindi | D5: Adema | E5: Adema 4 | F5: 2026-02-15 | G5: 10 | H5: 2836 | I5: 4 | J5: 2721 | K5: 3077 | L5: 34 | M5: 204 | N5: 32 | O5: 2148 | P5: 17 | Q5: 3 | R5: 102 | S5: 9 | T5: 131 | U5: 3 | V5: 6 | W5: 2 | X5: 5 | Y5: 1 | Z5: 1 | AA5: fathernotallowed | AB5: 5 | AC5: 7 | AD5: 4 | AE5: 6 | AF5: 1 | AG5: 1 | AH5: 2674 | AI5: 3000 | AJ5: {=IF(AA5="", "", XLOOKUP(AA5, 'Appendix B - Reason codes'!$A$4:$A$14, 'Appendix B - Reason codes'!$B$4:$B$14))} -> Father didn’t allow
A6: Round 1 | B6: 5 | C6: Marindi | D6: Adema | E6: Adema 5 | F6: 2026-02-15 | G6: 38 | H6: 7073 | I6: 10 | J6: 6350 | K6: 7608 | L6: 49 | M6: 530 | N6: 22 | O6: 3323 | P6: 218 | Q6: 186 | R6: 47 | S6: 41 | T6: 492 | U6: 7 | V6: 15 | W6: 5 | X6: 10 | Y6: 2 | Z6: 5 | AA6: fathernotallowed | AB6: 6 | AC6: 12 | AD6: 5 | AE6: 10 | AF6: 1 | AG6: 2 | AH6: 6032 | AI6: 6850 | AJ6: {=IF(AA6="", "", XLOOKUP(AA6, 'Appendix B - Reason codes'!$A$4:$A$14, 'Appendix B - Reason codes'!$B$4:$B$14))} -> Father didn’t allow
A7: Round 1 | B7: 6 | C7: Marindi | D7: Adema | E7: Adema 6 | F7: 2026-02-15 | G7: 36 | H7: 5795 | I7: 8 | J7: 4811 | K7: 6358 | L7: 68 | M7: 426 | N7: 156 | O7: 4117 | P7: 175 | Q7: 100 | R7: 44 | S7: 122 | T7: 441 | U7: 5 | V7: 10 | W7: 3 | X7: 7 | Y7: 2 | Z7: 3 | AA7: unhappy | AB7: 7 | AC7: 11 | AD7: 5 | AE7: 8 | AF7: 2 | AG7: 3 | AH7: 5059 | AI7: 5650 | AJ7: {=IF(AA7="", "", XLOOKUP(AA7, 'Appendix B - Reason codes'!$A$4:$A$14, 'Appendix B - Reason codes'!$B$4:$B$14))} -> Unhappy (with the team / programme)
A8: Round 1 | B8: 7 | C8: Marindi | D8: Adema | E8: Adema 7 | F8: 2026-02-15 | G8: 34 | H8: 2415 | I8: 3 | J8: 2398 | K8: 2682 | L8: 88 | M8: 179 | N8: 99 | O8: 1259 | P8: 13 | Q8: 35 | R8: 16 | S8: 22 | T8: 86 | U8: 3 | V8: 6 | W8: 2 | X8: 5 | Y8: 1 | Z8: 1 | AA8: unhappy | AB8: 4 | AC8: 6 | AD8: 3 | AE8: 4 | AF8: 1 | AG8: 2 | AH8: 2239 | AI8: 2500 | AJ8: {=IF(AA8="", "", XLOOKUP(AA8, 'Appendix B - Reason codes'!$A$4:$A$14, 'Appendix B - Reason codes'!$B$4:$B$14))} -> Unhappy (with the team / programme)
A9: Round 1 | B9: 8 | C9: Marindi | D9: Adema | E9: Adema 8 | F9: 2026-02-15 | G9: 45 | H9: 7839 | I9: 12 | J9: 6661 | K9: 8674 | L9: 102 | M9: 18 | N9: 225 | O9: 6148 | P9: 101 | Q9: 115 | R9: 131 | S9: 36 | T9: 383 | U9: 6 | V9: 13 | W9: 5 | X9: 11 | Y9: 1 | Z9: 2 | AA9: relbelief | AB9: 7 | AC9: 10 | AD9: 6 | AE9: 9 | AF9: 1 | AG9: 1 | AH9: 7310 | AI9: 8150 | AJ9: {=IF(AA9="", "", XLOOKUP(AA9, 'Appendix B - Reason codes'!$A$4:$A$14, 'Appendix B - Reason codes'!$B$4:$B$14))} -> Religious belief
A10: Round 1 | B10: 9 | C10: Marindi | D10: Adema | E10: Adema 9 | F10: 2026-02-15 | G10: 15 | H10: 6701 | I10: 10 | J10: 6609 | K10: 6992 | L10: 179 | M10: 600 | N10: 146 | O10: 3746 | P10: 313 | Q10: 39 | R10: 291 | S10: 181 | T10: 824 | U10: 1 | V10: 1 | W10: 1 | X10: 1 | Y10: 0 | Z10: 0 | AA10: fathernotallowed | AB10: 9 | AC10: 17 | AD10: 8 | AE10: 15 | AF10: 1 | AG10: 2 | AH10: 6291 | AI10: 6950 | AJ10: {=IF(AA10="", "", XLOOKUP(AA10, 'Appendix B - Reason codes'!$A$4:$A$14, 'Appendix B - Reason codes'!$B$4:$B$14))} -> Father didn’t allow
A11: Round 1 | B11: 10 | C11: Marindi | D11: Adema | E11: Adema 10 | F11: 2026-02-15 | G11: 12 | H11: 5224 | I11: 8 | J11: 3943 | K11: 5780 | L11: 168 | M11: 102 | N11: 13 | O11: 2849 | P11: 215 | Q11: 81 | R11: 9 | S11: 62 | T11: 367 | U11: 3 | V11: 6 | W11: 2 | X11: 4 | Y11: 1 | Z11: 2 | AA11: relbelief | AB11: 2 | AC11: 3 | AD11: 1 | AE11: 2 | AF11: 1 | AG11: 1 | AH11: 4952 | AI11: 5600 | AJ11: {=IF(AA11="", "", XLOOKUP(AA11, 'Appendix B - Reason codes'!$A$4:$A$14, 'Appendix B - Reason codes'!$B$4:$B$14))} -> Religious belief
A12: Round 1 | B12: 11 | C12: Marindi | D12: Belocha | E12: Belocha 1 | F12: 2026-02-15 | G12: 44 | H12: 3056 | I12: 4 | J12: 3035 | K12: 3225 | L12: 107 | M12: 197 | N12: 69 | O12: 1845 | P12: 137 | Q12: 71 | R12: 14 | S12: 24 | T12: 246 | U12: 6 | V12: 13 | W12: 4 | X12: 10 | Y12: 2 | Z12: 3 | AA12: unhappy | AB12: 3 | AC12: 5 | AD12: 3 | AE12: 4 | AF12: 0 | AG12: 1 | AH12: 2922 | AI12: 3150 | AJ12: {=IF(AA12="", "", XLOOKUP(AA12, 'Appendix B - Reason codes'!$A$4:$A$14, 'Appendix B - Reason codes'!$B$4:$B$14))} -> Unhappy (with the team / programme)
A13: Round 1 | B13: 12 | C13: Marindi | D13: Belocha | E13: Belocha 2 | F13: 2026-02-15 | G13: 5 | H13: 1760 | I13: 2 | J13: 1719 | K13: 1950 | L13: 38 | M13: 19 | N13: 46 | O13: 1175 | P13: 68 | Q13: 22 | R13: 24 | S13: 17 | T13: 131 | U13: 1 | V13: 2 | W13: 1 | X13: 1 | Y13: 0 | Z13: 1 | AA13: manyrnd | AB13: 2 | AC13: 3 | AD13: 2 | AE13: 3 | AF13: 0 | AG13: 0 | AH13: 1522 | AI13: 1650 | AJ13: {=IF(AA13="", "", XLOOKUP(AA13, 'Appendix B - Reason codes'!$A$4:$A$14, 'Appendix B - Reason codes'!$B$4:$B$14))} -> Fatigue from many rounds
... A21: Round 1 | B21: 20 | C21: Marindi | D21: Cunda | E21: Cunda 3 | F21: 2026-02-15 | G21: 27 | H21: 1266 | I21: 1 | J21: 1062 | K21: 1361 | L21: 12 | M21: 66 | N21: 18 | O21: 703 | P21: 27 | Q21: 8 | R21: 41 | S21: 25 | T21: 101 | U21: 2 | V21: 3 | W21: 2 | X21: 2 | Y21: 0 | Z21: 1 | AA21: no_reason | AB21: 1 | AC21: 2 | AD21: 1 | AE21: 2 | AF21: 0 | AG21: 0 | AH21: 1102 | AI21: 1250 | AJ21: {=IF(AA21="", "", XLOOKUP(AA21, 'Appendix B - Reason codes'!$A$4:$A$14, 'Appendix B - Reason codes'!$B$4:$B$14))} -> No reason given
A22: Round 1 | B22: 21 | C22: Marindi | D22: Cunda | E22: Cunda 4 | F22: 2026-02-15 | G22: 12 | H22: 440 | I22: 1 | J22: 369 | K22: 460 | L22: 11 | M22: 14 | N22: 0 | O22: 329 | P22: 2 | Q22: 5 | R22: 0 | S22: 10 | T22: 17 | U22: 0 | V22: 0 | W22: 0 | X22: 0 | Y22: 0 | Z22: 0 | AB22: 1 | AC22: 2 | AD22: 1 | AE22: 2 | AF22: 0 | AG22: 0 | AH22: 416 | AI22: 500 | AJ22: {=IF(AA22="", "", XLOOKUP(AA22, 'Appendix B - Reason codes'!$A$4:$A$14, 'Appendix B - Reason codes'!$B$4:$B$14))}
A23: Round 1 | B23: 22 | C23: Marindi | D23: Cunda | E23: Cunda 5 | F23: 2026-02-15 | G23: 37 | H23: 6232 | I23: 9 | J23: 4393 | K23: 6519 | L23: 111 | M23: 536 | N23: 144 | O23: 4696 | P23: 201 | Q23: 213 | R23: 134 | S23: 153 | T23: 701 | U23: 5 | V23: 8 | W23: 4 | X23: 6 | Y23: 1 | Z23: 2 | AA23: no_reason | AB23: 6 | AC23: 12 | AD23: 5 | AE23: 11 | AF23: 1 | AG23: 1 | AH23: 6163 | AI23: 6850 | AJ23: {=IF(AA23="", "", XLOOKUP(AA23, 'Appendix B - Reason codes'!$A$4:$A$14, 'Appendix B - Reason codes'!$B$4:$B$14))} -> No reason given
A24: Round 1 | B24: 23 | C24: Marindi | D24: Cunda | E24: Cunda 6 | F24: 2026-02-15 | G24: 32 | H24: 5958 | I24: 9 | J24: 5054 | K24: 6155 | L24: 9 | M24: 489 | N24: 61 | O24: 4718 | P24: 13 | Q24: 190 | R24: 0 | S24: 43 | T24: 246 | U24: 3 | V24: 6 | W24: 2 | X24: 5 | Y24: 1 | Z24: 1 | AA24: fathernotallowed | AB24: 9 | AC24: 18 | AD24: 8 | AE24: 17 | AF24: 1 | AG24: 1 | AH24: 5653 | AI24: 6250 | AJ24: {=IF(AA24="", "", XLOOKUP(AA24, 'Appendix B - Reason codes'!$A$4:$A$14, 'Appendix B - Reason codes'!$B$4:$B$14))} -> Father didn’t allow
A25: Round 1 | B25: 24 | C25: Marindi | D25: Cunda | E25: Cunda 7 | F25: 2026-02-15 | G25: 50 | H25: 8347 | I25: 12 | J25: 7314 | K25: 9276 | L25: 219 | M25: 11 | N25: 306 | O25: 4992 | P25: 251 | Q25: 128 | R25: 78 | S25: 149 | T25: 606 | U25: 8 | V25: 13 | W25: 6 | X25: 9 | Y25: 2 | Z25: 4 | AA25: adverseeffect | AB25: 9 | AC25: 14 | AD25: 7 | AE25: 12 | AF25: 2 | AG25: 2 | AH25: 7247 | AI25: 7900 | AJ25: {=IF(AA25="", "", XLOOKUP(AA25, 'Appendix B - Reason codes'!$A$4:$A$14, 'Appendix B - Reason codes'!$B$4:$B$14))} -> Concerned about adverse effect
A26: Round 1 | B26: 25 | C26: Marindi | D26: Cunda | E26: Cunda 8 | F26: 2026-02-15 | G26: 32 | H26: 1329 | I26: 2 | J26: 1116 | K26: 1477 | L26: 3 | M26: 85 | N26: 19 | O26: 935 | P26: 23 | Q26: 39 | R26: 55 | S26: 14 | T26: 131 | U26: 2 | V26: 3 | W26: 1 | X26: 2 | Y26: 1 | Z26: 1 | AA26: otherprotection | AB26: 2 | AC26: 3 | AD26: 2 | AE26: 3 | AF26: 0 | AG26: 0 | AH26: 1253 | AI26: 1350 | AJ26: {=IF(AA26="", "", XLOOKUP(AA26, 'Appendix B - Reason codes'!$A$4:$A$14, 'Appendix B - Reason codes'!$B$4:$B$14))} -> Has an alternative to the vaccine
A27: Round 1 | B27: 26 | C27: Marindi | D27: Cunda | E27: Cunda 9 | F27: 2026-02-15 | G27: 23 | H27: 6039 | I27: 9 | J27: 5483 | K27: 6506 | L27: 124 | M27: 476 | N27: 25 | O27: 2859 | P27: 161 | Q27: 200 | R27: 165 | S27: 12 | T27: 538 | U27: 6 | V27: 11 | W27: 4 | X27: 8 | Y27: 2 | Z27: 3 | AA27: relbelief | AB27: 8 | AC27: 16 | AD27: 7 | AE27: 14 | AF27: 1 | AG27: 2 | AH27: 5112 | AI27: 5550 | AJ27: {=IF(AA27="", "", XLOOKUP(AA27, 'Appendix B - Reason codes'!$A$4:$A$14, 'Appendix B - Reason codes'!$B$4:$B$14))} -> Religious belief
A28: Round 1 | B28: 27 | C28: Marindi | D28: Doriga | E28: Doriga 1 | F28: 2026-02-15 | G28: 33 | H28: 7026 | I28: 10 | J28: 5456 | K28: 7742 | L28: 14 | M28: 345 | N28: 212 | O28: 6318 | P28: 296 | Q28: 89 | R28: 185 | S28: 174 | T28: 744 | U28: 5 | V28: 10 | W28: 3 | X28: 6 | Y28: 2 | Z28: 4 | AA28: adverseeffect | AB28: 6 | AC28: 8 | AD28: 5 | AE28: 7 | AF28: 1 | AG28: 1 | AH28: 7448 | AI28: 8500 | AJ28: {=IF(AA28="", "", XLOOKUP(AA28, 'Appendix B - Reason codes'!$A$4:$A$14, 'Appendix B - Reason codes'!$B$4:$B$14))} -> Concerned about adverse effect
A29: Round 1 | B29: 28 | C29: Marindi | D29: Doriga | E29: Doriga 2 | F29: 2026-02-15 | G29: 45 | H29: 11881 | I29: 18 | J29: 11523 | K29: 13062 | L29: 411 | M29: 308 | N29: 334 | O29: 9654 | P29: 180 | Q29: 271 | R29: 153 | S29: 16 | T29: 620 | U29: 14 | V29: 29 | W29: 10 | X29: 21 | Y29: 4 | Z29: 8 | AA29: sick | AB29: 12 | AC29: 22 | AD29: 11 | AE29: 20 | AF29: 1 | AG29: 2 | AH29: 11849 | AI29: 13100 | AJ29: {=IF(AA29="", "", XLOOKUP(AA29, 'Appendix B - Reason codes'!$A$4:$A$14, 'Appendix B - Reason codes'!$B$4:$B$14))} -> Child sick
A30: Round 1 | B30: 29 | C30: Marindi | D30: Doriga | E30: Doriga 3 | F30: 2026-02-15 | G30: 2 | H30: 2052 | I30: 3 | J30: 2021 | K30: 2273 | L30: 41 | M30: 43 | N30: 94 | O30: 1165 | P30: 19 | Q30: 59 | R30: 95 | S30: 34 | T30: 207 | U30: 3 | V30: 5 | W30: 2 | X30: 4 | Y30: 1 | Z30: 1 | AA30: manyrnd | AB30: 2 | AC30: 4 | AD30: 1 | AE30: 3 | AF30: 1 | AG30: 1 | AH30: 1987 | AI30: 2250 | AJ30: {=IF(AA30="", "", XLOOKUP(AA30, 'Appendix B - Reason codes'!$A$4:$A$14, 'Appendix B - Reason codes'!$B$4:$B$14))} -> Fatigue from many rounds
A31: Round 1 | B31: 30 | C31: Marindi | D31: Doriga | E31: Doriga 4 | F31: 2026-02-15 | G31: 24 | H31: 8339 | I31: 12 | J31: 6838 | K31: 9108 | L31: 126 | M31: 86 | N31: 369 | O31: 6533 | P31: 276 | Q31: 148 | R31: 138 | S31: 18 | T31: 580 | U31: 5 | V31: 10 | W31: 3 | X31: 6 | Y31: 2 | Z31: 4 | AA31: fathernotallowed | AB31: 8 | AC31: 15 | AD31: 7 | AE31: 14 | AF31: 1 | AG31: 1 | AH31: 8314 | AI31: 9200 | AJ31: {=IF(AA31="", "", XLOOKUP(AA31, 'Appendix B - Reason codes'!$A$4:$A$14, 'Appendix B - Reason codes'!$B$4:$B$14))} -> Father didn’t allow
A32: Round 1 | B32: 31 | C32: Marindi | D32: Doriga | E32: Doriga 5 | F32: 2026-02-15 | G32: 36 | H32: 10604 | I32: 16 | J32: 7866 | K32: 11361 | L32: 146 | M32: 861 | N32: 392 | O32: 8303 | P32: 326 | Q32: 60 | R32: 159 | S32: 247 | T32: 792 | U32: 8 | V32: 15 | W32: 6 | X32: 10 | Y32: 2 | Z32: 5 | AA32: hascure | AB32: 12 | AC32: 23 | AD32: 9 | AE32: 18 | AF32: 3 | AG32: 5 | AH32: 10791 | AI32: 12450 | AJ32: {=IF(AA32="", "", XLOOKUP(AA32, 'Appendix B - Reason codes'!$A$4:$A$14, 'Appendix B - Reason codes'!$B$4:$B$14))} -> Claims to have a cure
A33: Round 1 | B33: 32 | C33: Marindi | D33: Doriga | E33: Doriga 6 | F33: 2026-02-15 | G33: 37 | H33: 3245 | I33: 4 | J33: 2279 | K33: 3584 | L33: 62 | M33: 27 | N33: 131 | O33: 2613 | P33: 107 | Q33: 121 | R33: 53 | S33: 35 | T33: 316 | U33: 3 | V33: 6 | W33: 2 | X33: 4 | Y33: 1 | Z33: 2 | AA33: fathernotallowed | AB33: 4 | AC33: 7 | AD33: 3 | AE33: 6 | AF33: 1 | AG33: 1 | AH33: 3109 | AI33: 3600 | AJ33: {=IF(AA33="", "", XLOOKUP(AA33, 'Appendix B - Reason codes'!$A$4:$A$14, 'Appendix B - Reason codes'!$B$4:$B$14))} -> Father didn’t allow
A34: Round 1 | B34: 33 | C34: Marindi | D34: Eshwe | E34: Eshwe 1 | F34: 2026-02-15 | G34: 35 | H34: 3819 | I34: 5 | J34: 3570 | K34: 3888 | L34: 12 | M34: 130 | N34: 151 | O34: 1993 | P34: 3 | Q34: 35 | R34: 120 | S34: 59 | T34: 217 | U34: 4 | V34: 6 | W34: 2 | X34: 3 | Y34: 2 | Z34: 3 | AA34: fathernotallowed | AB34: 3 | AC34: 5 | AD34: 2 | AE34: 4 | AF34: 1 | AG34: 1 | AH34: 3563 | AI34: 3950 | AJ34: {=IF(AA34="", "", XLOOKUP(AA34, 'Appendix B - Reason codes'!$A$4:$A$14, 'Appendix B - Reason codes'!$B$4:$B$14))} -> Father didn’t allow
A35: Round 1 | B35: 34 | C35: Marindi | D35: Eshwe | E35: Eshwe 2 | F35: 2026-02-15 | G35: 14 | H35: 2942 | I35: 4 | J35: 2776 | K35: 3108 | L35: 35 | M35: 274 | N35: 68 | O35: 1981 | P35: 79 | Q35: 93 | R35: 5 | S35: 17 | T35: 194 | U35: 0 | V35: 0 | W35: 0 | X35: 0 | Y35: 0 | Z35: 0 | AB35: 4 | AC35: 8 | AD35: 3 | AE35: 6 | AF35: 1 | AG35: 2 | AH35: 2807 | AI35: 3100 | AJ35: {=IF(AA35="", "", XLOOKUP(AA35, 'Appendix B - Reason codes'!$A$4:$A$14, 'Appendix B - Reason codes'!$B$4:$B$14))}
A36: Round 1 | B36: 35 | C36: Marindi | D36: Eshwe | E36: Eshwe 3 | F36: 2026-02-15 | G36: 24 | H36: 17022 | I36: 26 | J36: 15219 | K36: 17494 | L36: 368 | M36: 411 | N36: 604 | O36: 8710 | P36: 118 | Q36: 210 | R36: 170 | S36: 315 | T36: 813 | U36: 13 | V36: 23 | W36: 8 | X36: 15 | Y36: 5 | Z36: 8 | AA36: sick | AB36: 18 | AC36: 30 | AD36: 16 | AE36: 27 | AF36: 2 | AG36: 3 | AH36: 15278 | AI36: 16750 | AJ36: {=IF(AA36="", "", XLOOKUP(AA36, 'Appendix B - Reason codes'!$A$4:$A$14, 'Appendix B - Reason codes'!$B$4:$B$14))} -> Child sick
A37: Round 1 | B37: 36 | C37: Marindi | D37: Eshwe | E37: Eshwe 4 | F37: 2026-02-15 | G37: 13 | H37: 3309 | I37: 5 | J37: 3283 | K37: 3551 | L37: 14 | M37: 9 | N37: 60 | O37: 2011 | P37: 74 | Q37: 110 | R37: 38 | S37: 8 | T37: 230 | U37: 0 | V37: 0 | W37: 0 | X37: 0 | Y37: 0 | Z37: 0 | AB37: 3 | AC37: 6 | AD37: 3 | AE37: 5 | AF37: 0 | AG37: 1 | AH37: 3123 | AI37: 3500 | AJ37: {=IF(AA37="", "", XLOOKUP(AA37, 'Appendix B - Reason codes'!$A$4:$A$14, 'Appendix B - Reason codes'!$B$4:$B$14))}
A38: Round 1 | B38: 37 | C38: Marindi | D38: Eshwe | E38: Eshwe 5 | F38: 2026-02-15 | G38: 39 | H38: 3772 | I38: 5 | J38: 2943 | K38: 4024 | L38: 106 | M38: 129 | N38: 14 | O38: 2667 | P38: 126 | Q38: 113 | R38: 31 | S38: 72 | T38: 342 | U38: 1 | V38: 1 | W38: 1 | X38: 1 | Y38: 0 | Z38: 0 | AA38: adverseeffect | AB38: 6 | AC38: 9 | AD38: 5 | AE38: 7 | AF38: 1 | AG38: 2 | AH38: 3596 | AI38: 3950 | AJ38: {=IF(AA38="", "", XLOOKUP(AA38, 'Appendix B - Reason codes'!$A$4:$A$14, 'Appendix B - Reason codes'!$B$4:$B$14))} -> Concerned about adverse effect
A39: Round 1 | B39: 38 | C39: Marindi | D39: Eshwe | E39: Eshwe 6 | F39: 2026-02-15 | G39: 34 | H39: 13207 | I39: 20 | J39: 9261 | K39: 14114 | L39: 492 | M39: 244 | N39: 580 | O39: 7965 | P39: 99 | Q39: 139 | R39: 299 | S39: 93 | T39: 630 | U39: 15 | V39: 32 | W39: 10 | X39: 22 | Y39: 5 | Z39: 10 | AA39: fathernotallowed | AB39: 15 | AC39: 25 | AD39: 13 | AE39: 21 | AF39: 2 | AG39: 4 | AH39: 12423 | AI39: 13750 | AJ39: {=IF(AA39="", "", XLOOKUP(AA39, 'Appendix B - Reason codes'!$A$4:$A$14, 'Appendix B - Reason codes'!$B$4:$B$14))} -> Father didn’t allow
A40: Round 1 | B40: 39 | C40: Marindi | D40: Eshwe | E40: Eshwe 7 | F40: 2026-02-15 | G40: 11 | H40: 1157 | I40: 1 | J40: 1128 | K40: 1211 | L40: 18 | M40: 4 | N40: 22 | O40: 661 | P40: 20 | Q40: 0 | R40: 6 | S40: 9 | T40: 35 | U40: 2 | V40: 3 | W40: 2 | X40: 2 | Y40: 0 | Z40: 1 | AA40: relbelief | AB40: 2 | AC40: 3 | AD40: 2 | AE40: 3 | AF40: 0 | AG40: 0 | AH40: 1007 | AI40: 1150 | AJ40: {=IF(AA40="", "", XLOOKUP(AA40, 'Appendix B - Reason codes'!$A$4:$A$14, 'Appendix B - Reason codes'!$B$4:$B$14))} -> Religious belief
A41: Round 1 | B41: 40 | C41: Marindi | D41: Eshwe | E41: Eshwe 8 | F41: 2026-02-15 | G41: 12 | H41: 3714 | I41: 5 | J41: 2744 | K41: 3827 | L41: 93 | M41: 103 | N41: 70 | O41: 2105 | P41: 40 | Q41: 134 | R41: 159 | S41: 63 | T41: 396 | U41: 6 | V41: 10 | W41: 5 | X41: 8 | Y41: 1 | Z41: 2 | AA41: adverseeffect | AB41: 1 | AC41: 1 | AD41: 1 | AE41: 1 | AF41: 0 | AG41: 0 | AH41: 3484 | AI41: 3850 | AJ41: {=IF(AA41="", "", XLOOKUP(AA41, 'Appendix B - Reason codes'!$A$4:$A$14, 'Appendix B - Reason codes'!$B$4:$B$14))} -> Concerned about adverse effect
A42: Round 1 | B42: 41 | C42: Marindi | D42: Falpani | E42: Falpani 1 | F42: 2026-02-15 | G42: 48 | H42: 24574 | I42: 37 | J42: 22419 | K42: 25623 | L42: 667 | M42: 938 | N42: 737 | O42: 17049 | P42: 968 | Q42: 194 | R42: 214 | S42: 497 | T42: 1873 | U42: 17 | V42: 32 | W42: 13 | X42: 24 | Y42: 4 | Z42: 8 | AA42: otherprotection | AB42: 32 | AC42: 45 | AD42: 24 | AE42: 34 | AF42: 8 | AG42: 11 | AH42: 21020 | AI42: 23750 | AJ42: {=IF(AA42="", "", XLOOKUP(AA42, 'Appendix B - Reason codes'!$A$4:$A$14, 'Appendix B - Reason codes'!$B$4:$B$14))} -> Has an alternative to the vaccine
A43: Round 1 | B43: 42 | C43: Marindi | D43: Falpani | E43: Falpani 2 | F43: 2026-02-15 | G43: 43 | H43: 14635 | I43: 22 | J43: 14354 | K43: 14792 | L43: 110 | M43: 1142 | N43: 445 | O43: 8720 | P43: 364 | Q43: 265 | R43: 25 | S43: 187 | T43: 841 | U43: 17 | V43: 35 | W43: 11 | X43: 23 | Y43: 6 | Z43: 12 | AA43: sick | AB43: 13 | AC43: 18 | AD43: 11 | AE43: 16 | AF43: 2 | AG43: 2 | AH43: 12594 | AI43: 13900 | AJ43: {=IF(AA43="", "", XLOOKUP(AA43, 'Appendix B - Reason codes'!$A$4:$A$14, 'Appendix B - Reason codes'!$B$4:$B$14))} -> Child sick
A44: Round 1 | B44: 43 | C44: Marindi | D44: Falpani | E44: Falpani 3 | F44: 2026-02-15 | G44: 18 | H44: 9521 | I44: 14 | J44: 6795 | K44: 9527 | L44: 0 | M44: 612 | N44: 319 | O44: 6718 | P44: 87 | Q44: 89 | R44: 326 | S44: 95 | T44: 597 | U44: 13 | V44: 24 | W44: 11 | X44: 20 | Y44: 2 | Z44: 4 | AA44: relbelief | AB44: 8 | AC44: 10 | AD44: 6 | AE44: 8 | AF44: 2 | AG44: 2 | AH44: 8851 | AI44: 9700 | AJ44: {=IF(AA44="", "", XLOOKUP(AA44, 'Appendix B - Reason codes'!$A$4:$A$14, 'Appendix B - Reason codes'!$B$4:$B$14))} -> Religious belief
A45: Round 1 | B45: 44 | C45: Marindi | D45: Falpani | E45: Falpani 4 | F45: 2026-02-15 | G45: 32 | H45: 1882 | I45: 2 | J45: 1466 | K45: 2002 | L45: 67 | M45: 1 | N45: 48 | O45: 1015 | P45: 38 | Q45: 56 | R45: 34 | S45: 26 | T45: 154 | U45: 2 | V45: 4 | W45: 2 | X45: 3 | Y45: 0 | Z45: 1 | AA45: sick | AB45: 1 | AC45: 1 | AD45: 1 | AE45: 1 | AF45: 0 | AG45: 0 | AH45: 1715 | AI45: 1950 | AJ45: {=IF(AA45="", "", XLOOKUP(AA45, 'Appendix B - Reason codes'!$A$4:$A$14, 'Appendix B - Reason codes'!$B$4:$B$14))} -> Child sick
A46: Round 1 | B46: 45 | C46: Marindi | D46: Falpani | E46: Falpani 5 | F46: 2026-02-15 | G46: 42 | H46: 5293 | I46: 8 | J46: 4644 | K46: 5674 | L46: 76 | M46: 91 | N46: 141 | O46: 2900 | P46: 12 | Q46: 150 | R46: 153 | S46: 116 | T46: 431 | U46: 4 | V46: 6 | W46: 3 | X46: 5 | Y46: 1 | Z46: 1 | AA46: fathernotallowed | AB46: 9 | AC46: 17 | AD46: 6 | AE46: 12 | AF46: 3 | AG46: 5 | AH46: 4951 | AI46: 5900 | AJ46: {=IF(AA46="", "", XLOOKUP(AA46, 'Appendix B - Reason codes'!$A$4:$A$14, 'Appendix B - Reason codes'!$B$4:$B$14))} -> Father didn’t allow
A47: Round 1 | B47: 46 | C47: Marindi | D47: Girim | E47: Girim 1 | F47: 2026-02-15 | G47: 15 | H47: 3471 | I47: 5 | J47: 2964 | K47: 3731 | L47: 34 | M47: 90 | N47: 67 | O47: 2321 | P47: 23 | Q47: 76 | R47: 66 | S47: 63 | T47: 228 | U47: 8 | V47: 15 | W47: 6 | X47: 11 | Y47: 2 | Z47: 4 | AA47: relbelief | AB47: 5 | AC47: 9 | AD47: 4 | AE47: 6 | AF47: 1 | AG47: 3 | AH47: 2868 | AI47: 3150 | AJ47: {=IF(AA47="", "", XLOOKUP(AA47, 'Appendix B - Reason codes'!$A$4:$A$14, 'Appendix B - Reason codes'!$B$4:$B$14))} -> Religious belief
A48: Round 1 | B48: 47 | C48: Marindi | D48: Girim | E48: Girim 2 | F48: 2026-02-15 | G48: 47 | H48: 11612 | I48: 17 | J48: 10704 | K48: 12456 | L48: 209 | M48: 599 | N48: 125 | O48: 7193 | P48: 315 | Q48: 264 | R48: 357 | S48: 26 | T48: 962 | U48: 7 | V48: 12 | W48: 4 | X48: 7 | Y48: 3 | Z48: 5 | AA48: relbelief | AB48: 9 | AC48: 13 | AD48: 7 | AE48: 11 | AF48: 2 | AG48: 2 | AH48: 10250 | AI48: 11150 | AJ48: {=IF(AA48="", "", XLOOKUP(AA48, 'Appendix B - Reason codes'!$A$4:$A$14, 'Appendix B - Reason codes'!$B$4:$B$14))} -> Religious belief
A49: Round 1 | B49: 48 | C49: Marindi | D49: Girim | E49: Girim 3 | F49: 2026-02-15 | G49: 14 | H49: 2980 | I49: 4 | J49: 2346 | K49: 3029 | L49: 21 | M49: 162 | N49: 79 | O49: 1878 | P49: 116 | Q49: 81 | R49: 11 | S49: 5 | T49: 213 | U49: 0 | V49: 0 | W49: 0 | X49: 0 | Y49: 0 | Z49: 0 | AB49: 2 | AC49: 4 | AD49: 2 | AE49: 3 | AF49: 0 | AG49: 1 | AH49: 2902 | AI49: 3150 | AJ49: {=IF(AA49="", "", XLOOKUP(AA49, 'Appendix B - Reason codes'!$A$4:$A$14, 'Appendix B - Reason codes'!$B$4:$B$14))}
A50: Round 1 | B50: 49 | C50: Marindi | D50: Girim | E50: Girim 4 | F50: 2026-02-15 | G50: 18 | H50: 853 | I50: 1 | J50: 645 | K50: 879 | L50: 13 | M50: 49 | N50: 31 | O50: 583 | P50: 4 | Q50: 2 | R50: 6 | S50: 7 | T50: 19 | U50: 0 | V50: 0 | W50: 0 | X50: 0 | Y50: 0 | Z50: 0 | AB50: 2 | AC50: 3 | AD50: 2 | AE50: 3 | AF50: 0 | AG50: 0 | AH50: 760 | AI50: 850 | AJ50: {=IF(AA50="", "", XLOOKUP(AA50, 'Appendix B - Reason codes'!$A$4:$A$14, 'Appendix B - Reason codes'!$B$4:$B$14))}
A51: Round 1 | B51: 50 | C51: Marindi | D51: Girim | E51: Girim 5 | F51: 2026-02-15 | G51: 50 | H51: 7343 | I51: 11 | J51: 5940 | K51: 7545 | L51: 29 | M51: 465 | N51: 169 | O51: 5472 | P51: 231 | Q51: 178 | R51: 291 | S51: 72 | T51: 772 | U51: 4 | V51: 7 | W51: 3 | X51: 5 | Y51: 1 | Z51: 2 | AA51: otherprotection | AB51: 10 | AC51: 14 | AD51: 9 | AE51: 13 | AF51: 1 | AG51: 1 | AH51: 6789 | AI51: 7600 | AJ51: {=IF(AA51="", "", XLOOKUP(AA51, 'Appendix B - Reason codes'!$A$4:$A$14, 'Appendix B - Reason codes'!$B$4:$B$14))} -> Has an alternative to the vaccine
A52: Round 1 | B52: 51 | C52: Marindi | D52: Girim | E52: Girim 6 | F52: 2026-02-15 | G52: 28 | H52: 1850 | I52: 2 | J52: 1656 | K52: 1928 | L52: 39 | M52: 126 | N52: 72 | O52: 1009 | P52: 61 | Q52: 30 | R52: 65 | S52: 5 | T52: 161 | U52: 2 | V52: 4 | W52: 1 | X52: 3 | Y52: 1 | Z52: 1 | AA52: no_reason | AB52: 4 | AC52: 8 | AD52: 3 | AE52: 6 | AF52: 1 | AG52: 2 | AH52: 1631 | AI52: 1800 | AJ52: {=IF(AA52="", "", XLOOKUP(AA52, 'Appendix B - Reason codes'!$A$4:$A$14, 'Appendix B - Reason codes'!$B$4:$B$14))} -> No reason given
A53: Round 1 | B53: 52 | C53: Marindi | D53: Girim | E53: Girim 7 | F53: 2026-02-15 | G53: 7 | H53: 773 | I53: 1 | J53: 645 | K53: 823 | L53: 11 | M53: 18 | N53: 23 | O53: 527 | P53: 27 | Q53: 18 | R53: 31 | S53: 15 | T53: 91 | U53: 1 | V53: 2 | W53: 1 | X53: 1 | Y53: 0 | Z53: 1 | AA53: no_reason | AB53: 0 | AC53: 0 | AD53: 0 | AE53: 0 | AF53: 0 | AG53: 0 | AH53: 679 | AI53: 800 | AJ53: {=IF(AA53="", "", XLOOKUP(AA53, 'Appendix B - Reason codes'!$A$4:$A$14, 'Appendix B - Reason codes'!$B$4:$B$14))} -> No reason given
A54: Round 1 | B54: 53 | C54: Marindi | D54: Girim | E54: Girim 8 | F54: 2026-02-15 | G54: 26 | H54: 13021 | I54: 20 | J54: 11208 | K54: 14282 | L54: 121 | M54: 726 | N54: 294 | O54: 6726 | P54: 110 | Q54: 124 | R54: 567 | S54: 152 | T54: 953 | U54: 14 | V54: 30 | W54: 8 | X54: 18 | Y54: 6 | Z54: 12 | AA54: sick | AB54: 16 | AC54: 28 | AD54: 13 | AE54: 22 | AF54: 3 | AG54: 6 | AH54: 11513 | AI54: 12650 | AJ54: {=IF(AA54="", "", XLOOKUP(AA54, 'Appendix B - Reason codes'!$A$4:$A$14, 'Appendix B - Reason codes'!$B$4:$B$14))} -> Child sick
A55: Round 1 | B55: 54 | C55: Marindi | D55: Girim | E55: Girim 9 | F55: 2026-02-15 | G55: 36 | H55: 1892 | I55: 2 | J55: 1748 | K55: 2114 | L55: 43 | M55: 127 | N55: 18 | O55: 1199 | P55: 62 | Q55: 63 | R55: 25 | S55: 31 | T55: 181 | U55: 1 | V55: 2 | W55: 1 | X55: 1 | Y55: 0 | Z55: 1 | AA55: unhappy | AB55: 1 | AC55: 2 | AD55: 1 | AE55: 2 | AF55: 0 | AG55: 0 | AH55: 1606 | AI55: 1800 | AJ55: {=IF(AA55="", "", XLOOKUP(AA55, 'Appendix B - Reason codes'!$A$4:$A$14, 'Appendix B - Reason codes'!$B$4:$B$14))} -> Unhappy (with the team / programme)
A56: Round 1 | B56: 55 | C56: Marindi | D56: Girim | E56: Girim 10 | F56: 2026-02-15 | G56: 42 | H56: 2903 | I56: 4 | J56: 2832 | K56: 3026 | L56: 35 | M56: 59 | N56: 68 | O56: 1600 | P56: 40 | Q56: 41 | R56: 38 | S56: 59 | T56: 178 | U56: 2 | V56: 4 | W56: 1 | X56: 2 | Y56: 1 | Z56: 2 | AA56: fathernotallowed | AB56: 3 | AC56: 5 | AD56: 3 | AE56: 4 | AF56: 0 | AG56: 1 | AH56: 2617 | AI56: 2850 | AJ56: {=IF(AA56="", "", XLOOKUP(AA56, 'Appendix B - Reason codes'!$A$4:$A$14, 'Appendix B - Reason codes'!$B$4:$B$14))} -> Father didn’t allow
A57: Round 1 | B57: 56 | C57: Marindi | D57: Girim | E57: Girim 11 | F57: 2026-02-15 | G57: 31 | H57: 3181 | I57: 4 | J57: 2552 | K57: 3529 | L57: 101 | M57: 236 | N57: 34 | O57: 1634 | P57: 121 | Q57: 66 | R57: 38 | S57: 74 | T57: 299 | U57: 2 | V57: 4 | W57: 1 | X57: 3 | Y57: 1 | Z57: 1 | AA57: relbelief | AB57: 7 | AC57: 13 | AD57: 7 | AE57: 12 | AF57: 0 | AG57: 1 | AH57: 2850 | AI57: 3100 | AJ57: {=IF(AA57="", "", XLOOKUP(AA57, 'Appendix B - Reason codes'!$A$4:$A$14, 'Appendix B - Reason codes'!$B$4:$B$14))} -> Religious belief
A58: Round 1 | B58: 57 | C58: Marindi | D58: Hodu | E58: Hodu 1 | F58: 2026-02-15 | G58: 19 | H58: 6741 | I58: 10 | J58: 6190 | K58: 6817 | L58: 45 | M58: 325 | N58: 87 | O58: 3635 | P58: 12 | Q58: 66 | R58: 163 | S58: 151 | T58: 392 | U58: 3 | V58: 5 | W58: 2 | X58: 4 | Y58: 1 | Z58: 1 | AA58: relbelief | AB58: 9 | AC58: 17 | AD58: 6 | AE58: 12 | AF58: 3 | AG58: 5 | AH58: 5796 | AI58: 6400 | AJ58: {=IF(AA58="", "", XLOOKUP(AA58, 'Appendix B - Reason codes'!$A$4:$A$14, 'Appendix B - Reason codes'!$B$4:$B$14))} -> Religious belief
A59: Round 1 | B59: 58 | C59: Marindi | D59: Hodu | E59: Hodu 2 | F59: 2026-02-15 | G59: 41 | H59: 9981 | I59: 15 | J59: 8028 | K59: 10693 | L59: 178 | M59: 790 | N59: 72 | O59: 5389 | P59: 66 | Q59: 38 | R59: 247 | S59: 21 | T59: 372 | U59: 7 | V59: 15 | W59: 6 | X59: 12 | Y59: 1 | Z59: 3 | AA59: adverseeffect | AB59: 8 | AC59: 16 | AD59: 6 | AE59: 11 | AF59: 2 | AG59: 5 | AH59: 8701 | AI59: 9650 | AJ59: {=IF(AA59="", "", XLOOKUP(AA59, 'Appendix B - Reason codes'!$A$4:$A$14, 'Appendix B - Reason codes'!$B$4:$B$14))} -> Concerned about adverse effect
A60: Round 1 | B60: 59 | C60: Marindi | D60: Hodu | E60: Hodu 3 | F60: 2026-02-15 | G60: 26 | H60: 17391 | I60: 26 | J60: 12997 | K60: 18253 | L60: 470 | M60: 283 | N60: 229 | O60: 10084 | P60: 657 | Q60: 433 | R60: 292 | S60: 298 | T60: 1680 | U60: 7 | V60: 14 | W60: 4 | X60: 8 | Y60: 3 | Z60: 6 | AA60: manyrnd | AB60: 22 | AC60: 34 | AD60: 16 | AE60: 24 | AF60: 6 | AG60: 10 | AH60: 15146 | AI60: 16850 | AJ60: {=IF(AA60="", "", XLOOKUP(AA60, 'Appendix B - Reason codes'!$A$4:$A$14, 'Appendix B - Reason codes'!$B$4:$B$14))} -> Fatigue from many rounds
A61: Round 1 | B61: 60 | C61: Marindi | D61: Hodu | E61: Hodu 4 | F61: 2026-02-15 | G61: 20 | H61: 6302 | I61: 9 | J61: 5756 | K61: 6582 | L61: 214 | M61: 199 | N61: 230 | O61: 3285 | P61: 186 | Q61: 24 | R61: 157 | S61: 45 | T61: 412 | U61: 4 | V61: 8 | W61: 2 | X61: 5 | Y61: 2 | Z61: 3 | AA61: manyrnd | AB61: 4 | AC61: 6 | AD61: 3 | AE61: 4 | AF61: 1 | AG61: 2 | AH61: 5952 | AI61: 6600 | AJ61: {=IF(AA61="", "", XLOOKUP(AA61, 'Appendix B - Reason codes'!$A$4:$A$14, 'Appendix B - Reason codes'!$B$4:$B$14))} -> Fatigue from many rounds
A62: Round 1 | B62: 61 | C62: Marindi | D62: Ilumba | E62: Ilumba 1 | F62: 2026-02-15 | G62: 29 | H62: 6157 | I62: 9 | J62: 5137 | K62: 6513 | L62: 52 | M62: 253 | N62: 16 | O62: 3611 | P62: 21 | Q62: 18 | R62: 7 | S62: 109 | T62: 155 | U62: 3 | V62: 5 | W62: 2 | X62: 3 | Y62: 1 | Z62: 2 | AA62: relbelief | AB62: 4 | AC62: 5 | AD62: 3 | AE62: 4 | AF62: 1 | AG62: 1 | AH62: 5638 | AI62: 6200 | AJ62: {=IF(AA62="", "", XLOOKUP(AA62, 'Appendix B - Reason codes'!$A$4:$A$14, 'Appendix B - Reason codes'!$B$4:$B$14))} -> Religious belief
... A69: Round 1 | B69: 68 | C69: Marindi | D69: Ilumba | E69: Ilumba 8 | F69: 2026-02-15 | G69: 5 | H69: 2454 | I69: 3 | J69: 2268 | K69: 2726 | L69: 81 | M69: 85 | N69: 83 | O69: 1497 | P69: 11 | Q69: 7 | R69: 81 | S69: 41 | T69: 140 | U69: 1 | V69: 2 | W69: 1 | X69: 2 | Y69: 0 | Z69: 0 | AA69: fathernotallowed | AB69: 1 | AC69: 2 | AD69: 1 | AE69: 2 | AF69: 0 | AG69: 0 | AH69: 2548 | AI69: 2750 | AJ69: {=IF(AA69="", "", XLOOKUP(AA69, 'Appendix B - Reason codes'!$A$4:$A$14, 'Appendix B - Reason codes'!$B$4:$B$14))} -> Father didn’t allow
A70: Round 1 | B70: 69 | C70: Marindi | D70: Ilumba | E70: Ilumba 9 | F70: 2026-02-15 | G70: 30 | H70: 1554 | I70: 2 | J70: 1170 | K70: 1646 | L70: 6 | M70: 127 | N70: 30 | O70: 1061 | P70: 41 | Q70: 44 | R70: 71 | S70: 27 | T70: 183 | U70: 0 | V70: 0 | W70: 0 | X70: 0 | Y70: 0 | Z70: 0 | AB70: 0 | AC70: 0 | AD70: 0 | AE70: 0 | AF70: 0 | AG70: 0 | AH70: 1502 | AI70: 1650 | AJ70: {=IF(AA70="", "", XLOOKUP(AA70, 'Appendix B - Reason codes'!$A$4:$A$14, 'Appendix B - Reason codes'!$B$4:$B$14))}
A71: Round 1 | B71: 70 | C71: Marindi | D71: Jarken | E71: Jarken 1 | F71: 2026-02-15 | G71: 16 | H71: 1523 | I71: 2 | J71: 1080 | K71: 1652 | L71: 40 | M71: 3 | N71: 62 | O71: 1103 | P71: 22 | Q71: 23 | R71: 26 | S71: 14 | T71: 85 | U71: 1 | V71: 2 | W71: 1 | X71: 2 | Y71: 0 | Z71: 0 | AA71: sick | AB71: 3 | AC71: 6 | AD71: 2 | AE71: 4 | AF71: 1 | AG71: 2 | AH71: 1483 | AI71: 1650 | AJ71: {=IF(AA71="", "", XLOOKUP(AA71, 'Appendix B - Reason codes'!$A$4:$A$14, 'Appendix B - Reason codes'!$B$4:$B$14))} -> Child sick
A72: Round 1 | B72: 71 | C72: Marindi | D72: Jarken | E72: Jarken 2 | F72: 2026-02-15 | G72: 8 | H72: 1181 | I72: 1 | J72: 1155 | K72: 1201 | L72: 26 | M72: 43 | N72: 39 | O72: 617 | P72: 27 | Q72: 15 | R72: 31 | S72: 3 | T72: 76 | U72: 0 | V72: 0 | W72: 0 | X72: 0 | Y72: 0 | Z72: 0 | AB72: 0 | AC72: 0 | AD72: 0 | AE72: 0 | AF72: 0 | AG72: 0 | AH72: 1114 | AI72: 1200 | AJ72: {=IF(AA72="", "", XLOOKUP(AA72, 'Appendix B - Reason codes'!$A$4:$A$14, 'Appendix B - Reason codes'!$B$4:$B$14))}
A73: Round 1 | B73: 72 | C73: Marindi | D73: Jarken | E73: Jarken 3 | F73: 2026-02-15 | G73: 16 | H73: 3663 | I73: 5 | J73: 3126 | K73: 3870 | L73: 64 | M73: 288 | N73: 67 | O73: 2092 | P73: 7 | Q73: 37 | R73: 74 | S73: 80 | T73: 198 | U73: 4 | V73: 6 | W73: 3 | X73: 5 | Y73: 1 | Z73: 1 | AA73: relbelief | AB73: 6 | AC73: 11 | AD73: 5 | AE73: 9 | AF73: 1 | AG73: 2 | AH73: 3570 | AI73: 3950 | AJ73: {=IF(AA73="", "", XLOOKUP(AA73, 'Appendix B - Reason codes'!$A$4:$A$14, 'Appendix B - Reason codes'!$B$4:$B$14))} -> Religious belief
A74: Round 1 | B74: 73 | C74: Marindi | D74: Jarken | E74: Jarken 4 | F74: 2026-02-15 | G74: 47 | H74: 9452 | I74: 14 | J74: 6766 | K74: 10362 | L74: 225 | M74: 550 | N74: 40 | O74: 5538 | P74: 273 | Q74: 66 | R74: 413 | S74: 77 | T74: 829 | U74: 11 | V74: 23 | W74: 6 | X74: 13 | Y74: 5 | Z74: 10 | AA74: manyrnd | AB74: 9 | AC74: 16 | AD74: 7 | AE74: 13 | AF74: 2 | AG74: 3 | AH74: 9379 | AI74: 10500 | AJ74: {=IF(AA74="", "", XLOOKUP(AA74, 'Appendix B - Reason codes'!$A$4:$A$14, 'Appendix B - Reason codes'!$B$4:$B$14))} -> Fatigue from many rounds
A75: Round 1 | B75: 74 | C75: Marindi | D75: Jarken | E75: Jarken 5 | F75: 2026-02-15 | G75: 51 | H75: 9843 | I75: 15 | J75: 6921 | K75: 10018 | L75: 113 | M75: 463 | N75: 229 | O75: 5562 | P75: 14 | Q75: 105 | R75: 303 | S75: 187 | T75: 609 | U75: 5 | V75: 7 | W75: 3 | X75: 4 | Y75: 2 | Z75: 3 | AA75: unhappy | AB75: 14 | AC75: 24 | AD75: 13 | AE75: 22 | AF75: 1 | AG75: 2 | AH75: 9463 | AI75: 10350 | AJ75: {=IF(AA75="", "", XLOOKUP(AA75, 'Appendix B - Reason codes'!$A$4:$A$14, 'Appendix B - Reason codes'!$B$4:$B$14))} -> Unhappy (with the team / programme)
A76: Round 1 | B76: 75 | C76: Marindi | D76: Jarken | E76: Jarken 6 | F76: 2026-02-15 | G76: 38 | H76: 8876 | I76: 13 | J76: 6253 | K76: 9758 | L76: 327 | M76: 693 | N76: 160 | O76: 5551 | P76: 34 | Q76: 50 | R76: 284 | S76: 240 | T76: 608 | U76: 4 | V76: 8 | W76: 3 | X76: 6 | Y76: 1 | Z76: 2 | AA76: relbelief | AB76: 16 | AC76: 23 | AD76: 14 | AE76: 20 | AF76: 2 | AG76: 3 | AH76: 9312 | AI76: 10150 | AJ76: {=IF(AA76="", "", XLOOKUP(AA76, 'Appendix B - Reason codes'!$A$4:$A$14, 'Appendix B - Reason codes'!$B$4:$B$14))} -> Religious belief
A77: Round 1 | B77: 76 | C77: Marindi | D77: Kweli | E77: Kweli 1 | F77: 2026-02-15 | G77: 48 | H77: 10593 | I77: 16 | J77: 9490 | K77: 10616 | L77: 159 | M77: 121 | N77: 191 | O77: 6477 | P77: 184 | Q77: 322 | R77: 318 | S77: 243 | T77: 1067 | U77: 4 | V77: 6 | W77: 3 | X77: 4 | Y77: 1 | Z77: 2 | AA77: fathernotallowed | AB77: 12 | AC77: 19 | AD77: 10 | AE77: 16 | AF77: 2 | AG77: 3 | AH77: 9391 | AI77: 10450 | AJ77: {=IF(AA77="", "", XLOOKUP(AA77, 'Appendix B - Reason codes'!$A$4:$A$14, 'Appendix B - Reason codes'!$B$4:$B$14))} -> Father didn’t allow
A78: Round 1 | B78: 77 | C78: Marindi | D78: Kweli | E78: Kweli 2 | F78: 2026-02-15 | G78: 17 | H78: 1395 | I78: 2 | J78: 1076 | K78: 1406 | L78: 29 | M78: 20 | N78: 50 | O78: 875 | P78: 41 | Q78: 17 | R78: 41 | S78: 17 | T78: 116 | U78: 2 | V78: 3 | W78: 2 | X78: 2 | Y78: 0 | Z78: 1 | AA78: manyrnd | AB78: 3 | AC78: 5 | AD78: 2 | AE78: 4 | AF78: 1 | AG78: 1 | AH78: 1195 | AI78: 1350 | AJ78: {=IF(AA78="", "", XLOOKUP(AA78, 'Appendix B - Reason codes'!$A$4:$A$14, 'Appendix B - Reason codes'!$B$4:$B$14))} -> Fatigue from many rounds
A79: Round 1 | B79: 78 | C79: Marindi | D79: Kweli | E79: Kweli 3 | F79: 2026-02-15 | G79: 36 | H79: 2210 | I79: 3 | J79: 1870 | K79: 2350 | L79: 11 | M79: 35 | N79: 11 | O79: 1271 | P79: 31 | Q79: 50 | R79: 83 | S79: 7 | T79: 171 | U79: 1 | V79: 2 | W79: 1 | X79: 1 | Y79: 0 | Z79: 1 | AA79: relbelief | AB79: 6 | AC79: 11 | AD79: 4 | AE79: 8 | AF79: 2 | AG79: 3 | AH79: 1882 | AI79: 2100 | AJ79: {=IF(AA79="", "", XLOOKUP(AA79, 'Appendix B - Reason codes'!$A$4:$A$14, 'Appendix B - Reason codes'!$B$4:$B$14))} -> Religious belief
A80: Round 1 | B80: 79 | C80: Marindi | D80: Kweli | E80: Kweli 4 | F80: 2026-02-15 | G80: 35 | H80: 7378 | I80: 11 | J80: 6960 | K80: 7960 | L80: 16 | M80: 157 | N80: 228 | O80: 5089 | P80: 27 | Q80: 157 | R80: 35 | S80: 32 | T80: 251 | U80: 4 | V80: 6 | W80: 3 | X80: 5 | Y80: 1 | Z80: 1 | AA80: relbelief | AB80: 11 | AC80: 15 | AD80: 10 | AE80: 13 | AF80: 1 | AG80: 2 | AH80: 6597 | AI80: 7400 | AJ80: {=IF(AA80="", "", XLOOKUP(AA80, 'Appendix B - Reason codes'!$A$4:$A$14, 'Appendix B - Reason codes'!$B$4:$B$14))} -> Religious belief
A81: Round 1 | B81: 80 | C81: Marindi | D81: Kweli | E81: Kweli 5 | F81: 2026-02-15 | G81: 35 | H81: 14906 | I81: 22 | J81: 10546 | K81: 16564 | L81: 409 | M81: 1243 | N81: 266 | O81: 10574 | P81: 186 | Q81: 22 | R81: 184 | S81: 3 | T81: 395 | U81: 7 | V81: 11 | W81: 5 | X81: 8 | Y81: 2 | Z81: 3 | AA81: relbelief | AB81: 10 | AC81: 17 | AD81: 7 | AE81: 13 | AF81: 3 | AG81: 4 | AH81: 14110 | AI81: 15600 | AJ81: {=IF(AA81="", "", XLOOKUP(AA81, 'Appendix B - Reason codes'!$A$4:$A$14, 'Appendix B - Reason codes'!$B$4:$B$14))} -> Religious belief
A82: Round 1 | B82: 81 | C82: Marindi | D82: Kweli | E82: Kweli 6 | F82: 2026-02-15 | G82: 19 | H82: 3073 | I82: 4 | J82: 2309 | K82: 3381 | L82: 23 | M82: 213 | N82: 36 | O82: 1802 | P82: 64 | Q82: 93 | R82: 73 | S82: 42 | T82: 272 | U82: 4 | V82: 7 | W82: 3 | X82: 5 | Y82: 1 | Z82: 2 | AA82: manyrnd | AB82: 7 | AC82: 12 | AD82: 6 | AE82: 11 | AF82: 1 | AG82: 1 | AH82: 2656 | AI82: 2950 | AJ82: {=IF(AA82="", "", XLOOKUP(AA82, 'Appendix B - Reason codes'!$A$4:$A$14, 'Appendix B - Reason codes'!$B$4:$B$14))} -> Fatigue from many rounds
A83: Round 1 | B83: 82 | C83: Marindi | D83: Kweli | E83: Kweli 7 | F83: 2026-02-15 | G83: 32 | H83: 1819 | I83: 2 | J83: 1491 | K83: 1931 | L83: 45 | M83: 119 | N83: 36 | O83: 1290 | P83: 68 | Q83: 59 | R83: 74 | S83: 5 | T83: 206 | U83: 2 | V83: 4 | W83: 1 | X83: 3 | Y83: 1 | Z83: 1 | AA83: other | AB83: 0 | AC83: 0 | AD83: 0 | AE83: 0 | AF83: 0 | AG83: 0 | AH83: 1577 | AI83: 1800 | AJ83: {=IF(AA83="", "", XLOOKUP(AA83, 'Appendix B - Reason codes'!$A$4:$A$14, 'Appendix B - Reason codes'!$B$4:$B$14))} -> Other (unspecified)
A84: Round 1 | B84: 83 | C84: Marindi | D84: Kweli | E84: Kweli 8 | F84: 2026-02-15 | G84: 49 | H84: 8877 | I84: 13 | J84: 8041 | K84: 9255 | L84: 180 | M84: 142 | N84: 32 | O84: 5532 | P84: 44 | Q84: 164 | R84: 210 | S84: 46 | T84: 464 | U84: 9 | V84: 18 | W84: 6 | X84: 11 | Y84: 3 | Z84: 7 | AA84: adverseeffect | AB84: 9 | AC84: 15 | AD84: 7 | AE84: 11 | AF84: 2 | AG84: 4 | AH84: 7834 | AI84: 8550 | AJ84: {=IF(AA84="", "", XLOOKUP(AA84, 'Appendix B - Reason codes'!$A$4:$A$14, 'Appendix B - Reason codes'!$B$4:$B$14))} -> Concerned about adverse effect
... A89: Round 1 | B89: 88 | C89: Marindi | D89: Lumora | E89: Lumora 5 | F89: 2026-02-15 | G89: 28 | H89: 2046 | I89: 3 | J89: 1523 | K89: 2107 | L89: 67 | M89: 141 | N89: 80 | O89: 1277 | P89: 14 | Q89: 72 | R89: 74 | S89: 25 | T89: 185 | U89: 3 | V89: 6 | W89: 2 | X89: 4 | Y89: 1 | Z89: 2 | AA89: fathernotallowed | AB89: 2 | AC89: 3 | AD89: 2 | AE89: 3 | AF89: 0 | AG89: 0 | AH89: 1990 | AI89: 2200 | AJ89: {=IF(AA89="", "", XLOOKUP(AA89, 'Appendix B - Reason codes'!$A$4:$A$14, 'Appendix B - Reason codes'!$B$4:$B$14))} -> Father didn’t allow
A90: Round 1 | B90: 89 | C90: Marindi | D90: Lumora | E90: Lumora 6 | F90: 2026-02-15 | G90: 33 | H90: 2181 | I90: 3 | J90: 1551 | K90: 2396 | L90: 52 | M90: 11 | N90: 49 | O90: 1200 | P90: 74 | Q90: 22 | R90: 66 | S90: 14 | T90: 176 | U90: 0 | V90: 0 | W90: 0 | X90: 0 | Y90: 0 | Z90: 0 | AB90: 3 | AC90: 4 | AD90: 3 | AE90: 3 | AF90: 0 | AG90: 1 | AH90: 2067 | AI90: 2300 | AJ90: {=IF(AA90="", "", XLOOKUP(AA90, 'Appendix B - Reason codes'!$A$4:$A$14, 'Appendix B - Reason codes'!$B$4:$B$14))}
A91: Round 1 | B91: 90 | C91: Marindi | D91: Lumora | E91: Lumora 7 | F91: 2026-02-15 | G91: 10 | H91: 4792 | I91: 7 | J91: 4064 | K91: 5131 | L91: 4 | M91: 401 | N91: 163 | O91: 3187 | P91: 151 | Q91: 78 | R91: 127 | S91: 28 | T91: 384 | U91: 7 | V91: 15 | W91: 4 | X91: 9 | Y91: 3 | Z91: 6 | AA91: sick | AB91: 10 | AC91: 18 | AD91: 9 | AE91: 16 | AF91: 1 | AG91: 2 | AH91: 4071 | AI91: 4400 | AJ91: {=IF(AA91="", "", XLOOKUP(AA91, 'Appendix B - Reason codes'!$A$4:$A$14, 'Appendix B - Reason codes'!$B$4:$B$14))} -> Child sick
A92: Round 2 | B92: 91 | C92: Marindi | D92: Adema | E92: Adema 1 | F92: 2026-04-19 | G92: 11 | H92: 8166 | I92: 12 | J92: 7929 | K92: 9108 | L92: 258 | M92: 354 | N92: 67 | O92: 6081 | P92: 198 | Q92: 34 | R92: 267 | S92: 76 | T92: 575 | U92: 5 | V92: 8 | W92: 4 | X92: 7 | Y92: 1 | Z92: 1 | AA92: adverseeffect | AB92: 10 | AC92: 18 | AD92: 9 | AE92: 15 | AF92: 1 | AG92: 3 | AH92: 7888 | AI92: 8850 | AJ92: {=IF(AA92="", "", XLOOKUP(AA92, 'Appendix B - Reason codes'!$A$4:$A$14, 'Appendix B - Reason codes'!$B$4:$B$14))} -> Concerned about adverse effect
A93: Round 2 | B93: 92 | C93: Marindi | D93: Adema | E93: Adema 2 | F93: 2026-04-19 | G93: 10 | H93: 2304 | I93: 3 | J93: 1877 | K93: 2362 | L93: 50 | M93: 210 | N93: 15 | O93: 1945 | P93: 1 | Q93: 61 | R93: 33 | S93: 5 | T93: 100 | U93: 1 | V93: 2 | W93: 1 | X93: 2 | Y93: 0 | Z93: 0 | AA93: adverseeffect | AB93: 3 | AC93: 5 | AD93: 2 | AE93: 4 | AF93: 1 | AG93: 1 | AH93: 2326 | AI93: 2600 | AJ93: {=IF(AA93="", "", XLOOKUP(AA93, 'Appendix B - Reason codes'!$A$4:$A$14, 'Appendix B - Reason codes'!$B$4:$B$14))} -> Concerned about adverse effect
A94: Round 2 | B94: 93 | C94: Marindi | D94: Adema | E94: Adema 3 | F94: 2026-04-19 | G94: 10 | H94: 2712 | I94: 4 | J94: 2199 | K94: 2862 | L94: 45 | M94: 11 | N94: 105 | O94: 1873 | P94: 97 | Q94: 98 | R94: 87 | S94: 35 | T94: 317 | U94: 1 | V94: 2 | W94: 1 | X94: 2 | Y94: 0 | Z94: 0 | AA94: relbelief | AB94: 1 | AC94: 1 | AD94: 1 | AE94: 1 | AF94: 0 | AG94: 0 | AH94: 2851 | AI94: 3050 | AJ94: {=IF(AA94="", "", XLOOKUP(AA94, 'Appendix B - Reason codes'!$A$4:$A$14, 'Appendix B - Reason codes'!$B$4:$B$14))} -> Religious belief
A95: Round 2 | B95: 94 | C95: Marindi | D95: Adema | E95: Adema 4 | F95: 2026-04-19 | G95: 48 | H95: 7282 | I95: 11 | J95: 7046 | K95: 7762 | L95: 283 | M95: 331 | N95: 37 | O95: 4268 | P95: 97 | Q95: 142 | R95: 350 | S95: 36 | T95: 625 | U95: 6 | V95: 9 | W95: 6 | X95: 9 | Y95: 0 | Z95: 0 | AA95: no_reason | AB95: 8 | AC95: 11 | AD95: 6 | AE95: 9 | AF95: 2 | AG95: 2 | AH95: 7121 | AI95: 7950 | AJ95: {=IF(AA95="", "", XLOOKUP(AA95, 'Appendix B - Reason codes'!$A$4:$A$14, 'Appendix B - Reason codes'!$B$4:$B$14))} -> No reason given
A96: Round 2 | B96: 95 | C96: Marindi | D96: Adema | E96: Adema 5 | F96: 2026-04-19 | G96: 36 | H96: 8647 | I96: 13 | J96: 6960 | K96: 8733 | L96: 134 | M96: 448 | N96: 108 | O96: 5464 | P96: 179 | Q96: 46 | R96: 179 | S96: 91 | T96: 495 | U96: 5 | V96: 10 | W96: 4 | X96: 9 | Y96: 1 | Z96: 1 | AA96: manyrnd | AB96: 5 | AC96: 7 | AD96: 5 | AE96: 6 | AF96: 0 | AG96: 1 | AH96: 7878 | AI96: 8800 | AJ96: {=IF(AA96="", "", XLOOKUP(AA96, 'Appendix B - Reason codes'!$A$4:$A$14, 'Appendix B - Reason codes'!$B$4:$B$14))} -> Fatigue from many rounds
A97: Round 2 | B97: 96 | C97: Marindi | D97: Adema | E97: Adema 6 | F97: 2026-04-19 | G97: 32 | H97: 6481 | I97: 9 | J97: 5230 | K97: 6971 | L97: 105 | M97: 356 | N97: 237 | O97: 4574 | P97: 2 | Q97: 2 | R97: 101 | S97: 104 | T97: 209 | U97: 6 | V97: 13 | W97: 5 | X97: 11 | Y97: 1 | Z97: 2 | AA97: unhappy | AB97: 11 | AC97: 16 | AD97: 9 | AE97: 13 | AF97: 2 | AG97: 3 | AH97: 5672 | AI97: 6250 | AJ97: {=IF(AA97="", "", XLOOKUP(AA97, 'Appendix B - Reason codes'!$A$4:$A$14, 'Appendix B - Reason codes'!$B$4:$B$14))} -> Unhappy (with the team / programme)
A98: Round 2 | B98: 97 | C98: Marindi | D98: Adema | E98: Adema 7 | F98: 2026-04-19 | G98: 39 | H98: 7388 | I98: 11 | J98: 6663 | K98: 7561 | L98: 260 | M98: 446 | N98: 162 | O98: 5021 | P98: 353 | Q98: 170 | R98: 63 | S98: 96 | T98: 682 | U98: 8 | V98: 12 | W98: 8 | X98: 11 | Y98: 0 | Z98: 1 | AA98: unhappy | AB98: 7 | AC98: 11 | AD98: 6 | AE98: 10 | AF98: 1 | AG98: 1 | AH98: 7150 | AI98: 7850 | AJ98: {=IF(AA98="", "", XLOOKUP(AA98, 'Appendix B - Reason codes'!$A$4:$A$14, 'Appendix B - Reason codes'!$B$4:$B$14))} -> Unhappy (with the team / programme)
A99: Round 2 | B99: 98 | C99: Marindi | D99: Adema | E99: Adema 8 | F99: 2026-04-19 | G99: 11 | H99: 2854 | I99: 4 | J99: 2455 | K99: 2857 | L99: 5 | M99: 66 | N99: 46 | O99: 2400 | P99: 46 | Q99: 51 | R99: 30 | S99: 51 | T99: 178 | U99: 3 | V99: 6 | W99: 3 | X99: 5 | Y99: 0 | Z99: 1 | AA99: unhappy | AB99: 2 | AC99: 3 | AD99: 2 | AE99: 2 | AF99: 0 | AG99: 1 | AH99: 2968 | AI99: 3300 | AJ99: {=IF(AA99="", "", XLOOKUP(AA99, 'Appendix B - Reason codes'!$A$4:$A$14, 'Appendix B - Reason codes'!$B$4:$B$14))} -> Unhappy (with the team / programme)
A100: Round 2 | B100: 99 | C100: Marindi | D100: Adema | E100: Adema 9 | F100: 2026-04-19 | G100: 42 | H100: 12157 | I100: 18 | J100: 9784 | K100: 12803 | L100: 129 | M100: 665 | N100: 478 | O100: 9975 | P100: 426 | Q100: 261 | R100: 24 | S100: 193 | T100: 904 | U100: 6 | V100: 10 | W100: 5 | X100: 9 | Y100: 1 | Z100: 1 | AA100: fathernotallowed | AB100: 17 | AC100: 33 | AD100: 16 | AE100: 31 | AF100: 1 | AG100: 2 | AH100: 12620 | AI100: 13750 | AJ100: {=IF(AA100="", "", XLOOKUP(AA100, 'Appendix B - Reason codes'!$A$4:$A$14, 'Appendix B - Reason codes'!$B$4:$B$14))} -> Father didn’t allow
A101: Round 2 | B101: 100 | C101: Marindi | D101: Adema | E101: Adema 10 | F101: 2026-04-19 | G101: 17 | H101: 7769 | I101: 11 | J101: 7255 | K101: 7795 | L101: 35 | M101: 330 | N101: 51 | O101: 5856 | P101: 112 | Q101: 196 | R101: 253 | S101: 209 | T101: 770 | U101: 4 | V101: 7 | W101: 4 | X101: 6 | Y101: 0 | Z101: 1 | AA101: unhappy | AB101: 8 | AC101: 14 | AD101: 7 | AE101: 12 | AF101: 1 | AG101: 2 | AH101: 7661 | AI101: 8650 | AJ101: {=IF(AA101="", "", XLOOKUP(AA101, 'Appendix B - Reason codes'!$A$4:$A$14, 'Appendix B - Reason codes'!$B$4:$B$14))} -> Unhappy (with the team / programme)
A102: Round 2 | B102: 101 | C102: Marindi | D102: Belocha | E102: Belocha 1 | F102: 2026-04-19 | G102: 21 | H102: 3727 | I102: 5 | J102: 3041 | K102: 4110 | L102: 102 | M102: 238 | N102: 85 | O102: 2306 | P102: 10 | Q102: 84 | R102: 75 | S102: 42 | T102: 211 | U102: 1 | V102: 2 | W102: 1 | X102: 2 | Y102: 0 | Z102: 0 | AA102: relbelief | AB102: 4 | AC102: 7 | AD102: 3 | AE102: 6 | AF102: 1 | AG102: 1 | AH102: 3422 | AI102: 3700 | AJ102: {=IF(AA102="", "", XLOOKUP(AA102, 'Appendix B - Reason codes'!$A$4:$A$14, 'Appendix B - Reason codes'!$B$4:$B$14))} -> Religious belief
A103: Round 2 | B103: 102 | C103: Marindi | D103: Belocha | E103: Belocha 2 | F103: 2026-04-19 | G103: 21 | H103: 4599 | I103: 7 | J103: 4426 | K103: 4737 | L103: 0 | M103: 381 | N103: 114 | O103: 2633 | P103: 46 | Q103: 113 | R103: 19 | S103: 55 | T103: 233 | U103: 0 | V103: 0 | W103: 0 | X103: 0 | Y103: 0 | Z103: 0 | AB103: 5 | AC103: 7 | AD103: 5 | AE103: 6 | AF103: 0 | AG103: 1 | AH103: 3980 | AI103: 4300 | AJ103: {=IF(AA103="", "", XLOOKUP(AA103, 'Appendix B - Reason codes'!$A$4:$A$14, 'Appendix B - Reason codes'!$B$4:$B$14))}
A104: Round 2 | B104: 103 | C104: Marindi | D104: Belocha | E104: Belocha 3 | F104: 2026-04-19 | G104: 40 | H104: 22008 | I104: 33 | J104: 18792 | K104: 24341 | L104: 145 | M104: 2060 | N104: 813 | O104: 14885 | P104: 981 | Q104: 223 | R104: 557 | S104: 355 | T104: 2116 | U104: 14 | V104: 29 | W104: 12 | X104: 25 | Y104: 2 | Z104: 4 | AA104: fathernotallowed | AB104: 24 | AC104: 36 | AD104: 19 | AE104: 28 | AF104: 5 | AG104: 8 | AH104: 21292 | AI104: 23150 | AJ104: {=IF(AA104="", "", XLOOKUP(AA104, 'Appendix B - Reason codes'!$A$4:$A$14, 'Appendix B - Reason codes'!$B$4:$B$14))} -> Father didn’t allow
A105: Round 2 | B105: 104 | C105: Marindi | D105: Belocha | E105: Belocha 4 | F105: 2026-04-19 | G105: 11 | H105: 4217 | I105: 6 | J105: 4042 | K105: 4263 | L105: 103 | M105: 159 | N105: 190 | O105: 2682 | P105: 82 | Q105: 158 | R105: 156 | S105: 68 | T105: 464 | U105: 2 | V105: 3 | W105: 2 | X105: 3 | Y105: 0 | Z105: 0 | AA105: sick | AB105: 4 | AC105: 6 | AD105: 3 | AE105: 4 | AF105: 1 | AG105: 2 | AH105: 4024 | AI105: 4300 | AJ105: {=IF(AA105="", "", XLOOKUP(AA105, 'Appendix B - Reason codes'!$A$4:$A$14, 'Appendix B - Reason codes'!$B$4:$B$14))} -> Child sick
A106: Round 2 | B106: 105 | C106: Marindi | D106: Belocha | E106: Belocha 5 | F106: 2026-04-19 | G106: 74 | H106: 28650 | I106: 44 | J106: 21335 | K106: 31868 | L106: 1120 | M106: 1569 | N106: 718 | O106: 23865 | P106: 486 | Q106: 415 | R106: 705 | S106: 14 | T106: 1620 | U106: 30 | V106: 55 | W106: 27 | X106: 50 | Y106: 3 | Z106: 5 | AA106: manyrnd | AB106: 37 | AC106: 65 | AD106: 31 | AE106: 54 | AF106: 6 | AG106: 11 | AH106: 28844 | AI106: 31050 | AJ106: {=IF(AA106="", "", XLOOKUP(AA106, 'Appendix B - Reason codes'!$A$4:$A$14, 'Appendix B - Reason codes'!$B$4:$B$14))} -> Fatigue from many rounds
A107: Round 2 | B107: 106 | C107: Marindi | D107: Belocha | E107: Belocha 6 | F107: 2026-04-19 | G107: 14 | H107: 937 | I107: 1 | J107: 679 | K107: 1012 | L107: 15 | M107: 50 | N107: 36 | O107: 575 | P107: 25 | Q107: 28 | R107: 37 | S107: 12 | T107: 102 | U107: 0 | V107: 0 | W107: 0 | X107: 0 | Y107: 0 | Z107: 0 | AB107: 1 | AC107: 1 | AD107: 1 | AE107: 1 | AF107: 0 | AG107: 0 | AH107: 972 | AI107: 1050 | AJ107: {=IF(AA107="", "", XLOOKUP(AA107, 'Appendix B - Reason codes'!$A$4:$A$14, 'Appendix B - Reason codes'!$B$4:$B$14))}
A108: Round 2 | B108: 107 | C108: Marindi | D108: Belocha | E108: Belocha 7 | F108: 2026-04-19 | G108: 33 | H108: 3397 | I108: 5 | J108: 3319 | K108: 3737 | L108: 112 | M108: 252 | N108: 69 | O108: 2474 | P108: 104 | Q108: 112 | R108: 84 | S108: 74 | T108: 374 | U108: 6 | V108: 13 | W108: 5 | X108: 11 | Y108: 1 | Z108: 2 | AA108: fathernotallowed | AB108: 2 | AC108: 3 | AD108: 2 | AE108: 3 | AF108: 0 | AG108: 0 | AH108: 3204 | AI108: 3400 | AJ108: {=IF(AA108="", "", XLOOKUP(AA108, 'Appendix B - Reason codes'!$A$4:$A$14, 'Appendix B - Reason codes'!$B$4:$B$14))} -> Father didn’t allow
A109: Round 2 | B109: 108 | C109: Marindi | D109: Cunda | E109: Cunda 1 | F109: 2026-04-19 | G109: 66 | H109: 18340 | I109: 28 | J109: 16414 | K109: 20457 | L109: 648 | M109: 1229 | N109: 142 | O109: 10644 | P109: 165 | Q109: 54 | R109: 805 | S109: 244 | T109: 1268 | U109: 11 | V109: 24 | W109: 10 | X109: 23 | Y109: 1 | Z109: 1 | AA109: unhappy | AB109: 26 | AC109: 38 | AD109: 19 | AE109: 27 | AF109: 7 | AG109: 11 | AH109: 17880 | AI109: 19000 | AJ109: {=IF(AA109="", "", XLOOKUP(AA109, 'Appendix B - Reason codes'!$A$4:$A$14, 'Appendix B - Reason codes'!$B$4:$B$14))} -> Unhappy (with the team / programme)
A110: Round 2 | B110: 109 | C110: Marindi | D110: Cunda | E110: Cunda 2 | F110: 2026-04-19 | G110: 9 | H110: 611 | I110: 1 | J110: 573 | K110: 637 | L110: 14 | M110: 59 | N110: 3 | O110: 462 | P110: 0 | Q110: 14 | R110: 3 | S110: 14 | T110: 31 | U110: 0 | V110: 0 | W110: 0 | X110: 0 | Y110: 0 | Z110: 0 | AB110: 1 | AC110: 2 | AD110: 1 | AE110: 2 | AF110: 0 | AG110: 0 | AH110: 595 | AI110: 650 | AJ110: {=IF(AA110="", "", XLOOKUP(AA110, 'Appendix B - Reason codes'!$A$4:$A$14, 'Appendix B - Reason codes'!$B$4:$B$14))}
A111: Round 2 | B111: 110 | C111: Marindi | D111: Cunda | E111: Cunda 3 | F111: 2026-04-19 | G111: 34 | H111: 2941 | I111: 4 | J111: 2480 | K111: 3252 | L111: 90 | M111: 108 | N111: 49 | O111: 1872 | P111: 25 | Q111: 51 | R111: 90 | S111: 3 | T111: 169 | U111: 3 | V111: 5 | W111: 3 | X111: 4 | Y111: 0 | Z111: 1 | AA111: no_reason | AB111: 4 | AC111: 5 | AD111: 3 | AE111: 4 | AF111: 1 | AG111: 1 | AH111: 2620 | AI111: 2850 | AJ111: {=IF(AA111="", "", XLOOKUP(AA111, 'Appendix B - Reason codes'!$A$4:$A$14, 'Appendix B - Reason codes'!$B$4:$B$14))} -> No reason given
A112: Round 2 | B112: 111 | C112: Marindi | D112: Cunda | E112: Cunda 4 | F112: 2026-04-19 | G112: 48 | H112: 7834 | I112: 12 | J112: 6967 | K112: 8498 | L112: 27 | M112: 80 | N112: 76 | O112: 4123 | P112: 146 | Q112: 160 | R112: 329 | S112: 66 | T112: 701 | U112: 6 | V112: 9 | W112: 5 | X112: 7 | Y112: 1 | Z112: 2 | AA112: fathernotallowed | AB112: 14 | AC112: 22 | AD112: 13 | AE112: 20 | AF112: 1 | AG112: 2 | AH112: 7018 | AI112: 7400 | AJ112: {=IF(AA112="", "", XLOOKUP(AA112, 'Appendix B - Reason codes'!$A$4:$A$14, 'Appendix B - Reason codes'!$B$4:$B$14))} -> Father didn’t allow
A113: Round 2 | B113: 112 | C113: Marindi | D113: Cunda | E113: Cunda 5 | F113: 2026-04-19 | G113: 33 | H113: 4149 | I113: 6 | J113: 3836 | K113: 4389 | L113: 32 | M113: 4 | N113: 142 | O113: 2165 | P113: 81 | Q113: 0 | R113: 86 | S113: 24 | T113: 191 | U113: 8 | V113: 13 | W113: 7 | X113: 12 | Y113: 1 | Z113: 1 | AA113: hascure | AB113: 7 | AC113: 12 | AD113: 6 | AE113: 11 | AF113: 1 | AG113: 1 | AH113: 3933 | AI113: 4350 | AJ113: {=IF(AA113="", "", XLOOKUP(AA113, 'Appendix B - Reason codes'!$A$4:$A$14, 'Appendix B - Reason codes'!$B$4:$B$14))} -> Claims to have a cure
A114: Round 2 | B114: 113 | C114: Marindi | D114: Cunda | E114: Cunda 6 | F114: 2026-04-19 | G114: 49 | H114: 21018 | I114: 32 | J114: 19387 | K114: 22178 | L114: 83 | M114: 482 | N114: 71 | O114: 13942 | P114: 138 | Q114: 56 | R114: 904 | S114: 399 | T114: 1497 | U114: 6 | V114: 12 | W114: 6 | X114: 11 | Y114: 0 | Z114: 1 | AA114: hascure | AB114: 25 | AC114: 41 | AD114: 22 | AE114: 35 | AF114: 3 | AG114: 6 | AH114: 20421 | AI114: 21750 | AJ114: {=IF(AA114="", "", XLOOKUP(AA114, 'Appendix B - Reason codes'!$A$4:$A$14, 'Appendix B - Reason codes'!$B$4:$B$14))} -> Claims to have a cure
A115: Round 2 | B115: 114 | C115: Marindi | D115: Cunda | E115: Cunda 7 | F115: 2026-04-19 | G115: 35 | H115: 13407 | I115: 20 | J115: 9393 | K115: 14987 | L115: 266 | M115: 1238 | N115: 471 | O115: 8711 | P115: 91 | Q115: 229 | R115: 517 | S115: 321 | T115: 1158 | U115: 13 | V115: 20 | W115: 12 | X115: 19 | Y115: 1 | Z115: 1 | AA115: fathernotallowed | AB115: 12 | AC115: 21 | AD115: 9 | AE115: 16 | AF115: 3 | AG115: 5 | AH115: 12864 | AI115: 13850 | AJ115: {=IF(AA115="", "", XLOOKUP(AA115, 'Appendix B - Reason codes'!$A$4:$A$14, 'Appendix B - Reason codes'!$B$4:$B$14))} -> Father didn’t allow
A116: Round 2 | B116: 115 | C116: Marindi | D116: Cunda | E116: Cunda 8 | F116: 2026-04-19 | G116: 44 | H116: 5162 | I116: 7 | J116: 4241 | K116: 5598 | L116: 15 | M116: 454 | N116: 188 | O116: 4152 | P116: 10 | Q116: 128 | R116: 239 | S116: 145 | T116: 522 | U116: 4 | V116: 7 | W116: 4 | X116: 7 | Y116: 0 | Z116: 0 | AA116: fathernotallowed | AB116: 6 | AC116: 10 | AD116: 4 | AE116: 7 | AF116: 2 | AG116: 3 | AH116: 5007 | AI116: 5250 | AJ116: {=IF(AA116="", "", XLOOKUP(AA116, 'Appendix B - Reason codes'!$A$4:$A$14, 'Appendix B - Reason codes'!$B$4:$B$14))} -> Father didn’t allow
A117: Round 2 | B117: 116 | C117: Marindi | D117: Cunda | E117: Cunda 9 | F117: 2026-04-19 | G117: 57 | H117: 29085 | I117: 44 | J117: 28784 | K117: 32204 | L117: 917 | M117: 2076 | N117: 1317 | O117: 22354 | P117: 694 | Q117: 549 | R117: 22 | S117: 232 | T117: 1497 | U117: 20 | V117: 33 | W117: 17 | X117: 28 | Y117: 3 | Z117: 5 | AA117: relbelief | AB117: 37 | AC117: 50 | AD117: 32 | AE117: 43 | AF117: 5 | AG117: 7 | AH117: 27901 | AI117: 30150 | AJ117: {=IF(AA117="", "", XLOOKUP(AA117, 'Appendix B - Reason codes'!$A$4:$A$14, 'Appendix B - Reason codes'!$B$4:$B$14))} -> Religious belief
...

Sheet Analysis_Summary
A1: Geographic_Level | B1: Round_1_Target Pop | C1: Round_1_Vaccinated | D1: Round_1_Coverage | E1: Round_2_Target Pop | F1: Round_2_Vaccinated | G1: Round_2_Coverage | H1: Coverage_Change
A2: Marindi State | B2: =SUMIFS(tally_data!H:H, tally_data!A:A, "Round 1") -> 573644 | C2: =sumifs(tally_data!AH:AH, tally_data!A:A, "Round 1") -> 531335 | D2: =C2/B2 -> 0.9262452 | E2: =SUMIFS(tally_data!H:H, tally_data!A:A, "Round 2") -> 690426 | F2: =SUMIFS(tally_data!AH:AH, tally_data!A:A, "Round 2") -> 664753 | G2: =F2/E2 -> 0.96281571 | H2: =G2-D2 -> 0.036570514
A3: Adema | B3: =SUMIFS(tally_data!$H:$H, tally_data!$A:$A, "Round 1", tally_data!$D:$D, $A3) -> 47842 | C3: =SUMIFS(tally_data!$AH:$AH, tally_data!$A:$A, "Round 1", tally_data!$D:$D, $A3) -> 43879 | D3: =C3/B3 -> 0.91716483 | E3: =SUMIFS(tally_data!$H:$H, tally_data!$A:$A, "Round 2", tally_data!$D:$D, $A3) -> 65760 | F3: =SUMIFS(tally_data!$AH:$AH, tally_data!$A:$A, "Round 2", tally_data!$D:$D, $A3) -> 64135 | G3: =F3/E3 -> 0.97528893 | H3: =G3-D3 -> 0.058124095
A4: Belocha | B4: =SUMIFS(tally_data!$H:$H, tally_data!$A:$A, "Round 1", tally_data!$D:$D, $A4) -> 71868 | C4: =SUMIFS(tally_data!$AH:$AH, tally_data!$A:$A, "Round 1", tally_data!$D:$D, $A4) -> 65518 | D4: =C4/B4 -> 0.91164357 | E4: =SUMIFS(tally_data!$H:$H, tally_data!$A:$A, "Round 2", tally_data!$D:$D, $A4) -> 67535 | F4: =SUMIFS(tally_data!$AH:$AH, tally_data!$A:$A, "Round 2", tally_data!$D:$D, $A4) -> 65738 | G4: =F4/E4 -> 0.97339157 | H4: =G4-D4 -> 0.061748006
A5: Cunda | B5: =SUMIFS(tally_data!$H:$H, tally_data!$A:$A, "Round 1", tally_data!$D:$D, $A5) -> 36253 | C5: =SUMIFS(tally_data!$AH:$AH, tally_data!$A:$A, "Round 1", tally_data!$D:$D, $A5) -> 32673 | D5: =C5/B5 -> 0.90124955 | E5: =SUMIFS(tally_data!$H:$H, tally_data!$A:$A, "Round 2", tally_data!$D:$D, $A5) -> 102547 | F5: =SUMIFS(tally_data!$AH:$AH, tally_data!$A:$A, "Round 2", tally_data!$D:$D, $A5) -> 98239 | G5: =F5/E5 -> 0.95798999 | H5: =G5-D5 -> 0.056740443
A6: Doriga | B6: =SUMIFS(tally_data!$H:$H, tally_data!$A:$A, "Round 1", tally_data!$D:$D, $A6) -> 43147 | C6: =SUMIFS(tally_data!$AH:$AH, tally_data!$A:$A, "Round 1", tally_data!$D:$D, $A6) -> 43498 | D6: =C6/B6 -> 1.008135 | E6: =SUMIFS(tally_data!$H:$H, tally_data!$A:$A, "Round 2", tally_data!$D:$D, $A6) -> 19088 | F6: =SUMIFS(tally_data!$AH:$AH, tally_data!$A:$A, "Round 2", tally_data!$D:$D, $A6) -> 17610 | G6: =F6/E6 -> 0.92256915 | H6: =G6-D6 -> -0.085565827
A7: Eshwe | B7: =SUMIFS(tally_data!$H:$H, tally_data!$A:$A, "Round 1", tally_data!$D:$D, $A7) -> 48942 | C7: =SUMIFS(tally_data!$AH:$AH, tally_data!$A:$A, "Round 1", tally_data!$D:$D, $A7) -> 45281 | D7: =C7/B7 -> 0.92519717 | E7: =SUMIFS(tally_data!$H:$H, tally_data!$A:$A, "Round 2", tally_data!$D:$D, $A7) -> 58488 | F7: =SUMIFS(tally_data!$AH:$AH, tally_data!$A:$A, "Round 2", tally_data!$D:$D, $A7) -> 56052 | G7: =F7/E7 -> 0.95835043 | H7: =G7-D7 -> 0.033153259
A8: Falpani | B8: =SUMIFS(tally_data!$H:$H, tally_data!$A:$A, "Round 1", tally_data!$D:$D, $A8) -> 55905 | C8: =SUMIFS(tally_data!$AH:$AH, tally_data!$A:$A, "Round 1", tally_data!$D:$D, $A8) -> 49131 | D8: =C8/B8 -> 0.87883016 | E8: =SUMIFS(tally_data!$H:$H, tally_data!$A:$A, "Round 2", tally_data!$D:$D, $A8) -> 36925 | F8: =SUMIFS(tally_data!$AH:$AH, tally_data!$A:$A, "Round 2", tally_data!$D:$D, $A8) -> 35694 | G8: =F8/E8 -> 0.96666215 | H8: =G8-D8 -> 0.087831995
A9: Girim | B9: =SUMIFS(tally_data!$H:$H, tally_data!$A:$A, "Round 1", tally_data!$D:$D, $A9) -> 49879 | C9: =SUMIFS(tally_data!$AH:$AH, tally_data!$A:$A, "Round 1", tally_data!$D:$D, $A9) -> 44465 | D9: =C9/B9 -> 0.89145733 | E9: =SUMIFS(tally_data!$H:$H, tally_data!$A:$A, "Round 2", tally_data!$D:$D, $A9) -> 104188 | F9: =SUMIFS(tally_data!$AH:$AH, tally_data!$A:$A, "Round 2", tally_data!$D:$D, $A9) -> 99923 | G9: =F9/E9 -> 0.95906438 | H9: =G9-D9 -> 0.067607057
A10: Hodu | B10: =SUMIFS(tally_data!$H:$H, tally_data!$A:$A, "Round 1", tally_data!$D:$D, $A10) -> 40415 | C10: =SUMIFS(tally_data!$AH:$AH, tally_data!$A:$A, "Round 1", tally_data!$D:$D, $A10) -> 35595 | D10: =C10/B10 -> 0.88073735 | E10: =SUMIFS(tally_data!$H:$H, tally_data!$A:$A, "Round 2", tally_data!$D:$D, $A10) -> 27679 | F10: =SUMIFS(tally_data!$AH:$AH, tally_data!$A:$A, "Round 2", tally_data!$D:$D, $A10) -> 24270 | G10: =F10/E10 -> 0.87683804 | H10: =G10-D10 -> -0.0038993139
A11: Ilumba | B11: =SUMIFS(tally_data!$H:$H, tally_data!$A:$A, "Round 1", tally_data!$D:$D, $A11) -> 55501 | C11: =SUMIFS(tally_data!$AH:$AH, tally_data!$A:$A, "Round 1", tally_data!$D:$D, $A11) -> 52761 | D11: =C11/B11 -> 0.95063152 | E11: =SUMIFS(tally_data!$H:$H, tally_data!$A:$A, "Round 2", tally_data!$D:$D, $A11) -> 85637 | F11: =SUMIFS(tally_data!$AH:$AH, tally_data!$A:$A, "Round 2", tally_data!$D:$D, $A11) -> 86564 | G11: =F11/E11 -> 1.0108248 | H11: =G11-D11 -> 0.06019324
A12: Jarken | B12: =SUMIFS(tally_data!$H:$H, tally_data!$A:$A, "Round 1", tally_data!$D:$D, $A12) -> 34538 | C12: =SUMIFS(tally_data!$AH:$AH, tally_data!$A:$A, "Round 1", tally_data!$D:$D, $A12) -> 34321 | D12: =C12/B12 -> 0.99371707 | E12: =SUMIFS(tally_data!$H:$H, tally_data!$A:$A, "Round 2", tally_data!$D:$D, $A12) -> 27290 | F12: =SUMIFS(tally_data!$AH:$AH, tally_data!$A:$A, "Round 2", tally_data!$D:$D, $A12) -> 27871 | G12: =F12/E12 -> 1.0212899 | H12: =G12-D12 -> 0.027572784
A13: Kweli | B13: =SUMIFS(tally_data!$H:$H, tally_data!$A:$A, "Round 1", tally_data!$D:$D, $A13) -> 50251 | C13: =SUMIFS(tally_data!$AH:$AH, tally_data!$A:$A, "Round 1", tally_data!$D:$D, $A13) -> 45242 | D13: =C13/B13 -> 0.90032039 | E13: =SUMIFS(tally_data!$H:$H, tally_data!$A:$A, "Round 2", tally_data!$D:$D, $A13) -> 41450 | F13: =SUMIFS(tally_data!$AH:$AH, tally_data!$A:$A, "Round 2", tally_data!$D:$D, $A13) -> 36273 | G13: =F13/E13 -> 0.87510253 | H13: =G13-D13 -> -0.025217858
A14: Lumora | B14: =SUMIFS(tally_data!$H:$H, tally_data!$A:$A, "Round 1", tally_data!$D:$D, $A14) -> 39103 | C14: =SUMIFS(tally_data!$AH:$AH, tally_data!$A:$A, "Round 1", tally_data!$D:$D, $A14) -> 38971 | D14: =C14/B14 -> 0.9966243 | E14: =SUMIFS(tally_data!$H:$H, tally_data!$A:$A, "Round 2", tally_data!$D:$D, $A14) -> 53839 | F14: =SUMIFS(tally_data!$AH:$AH, tally_data!$A:$A, "Round 2", tally_data!$D:$D, $A14) -> 52384 | G14: =F14/E14 -> 0.97297498 | H14: =G14-D14 -> -0.023649319
A17: Non-Compliance Analysis Table
A18: Campaign Round | B18: Total Non-Compliant Children | C18: Total Pending Close | D18: Proportion Pending Close
A19: Round 1 | B19: =SUMIFS(tally_data!V:V, tally_data!A:A, "Round 1") -> 816 | C19: =SUMIFS(tally_data!Z:Z, tally_data!A:A, "Round 1") -> 247 | D19: =C19/B19 -> 0.30269608
A20: Round 2 | B20: =SUMIFS(tally_data!V:V, tally_data!A:A, "Round 2") -> 844 | C20: =SUMIFS(tally_data!Z:Z, tally_data!A:A, "Round 2") -> 99 | D20: =C20/B20 -> 0.11729858
A23: Non-Compliance Reason Breakdown Table
A24: Full Reason Description | B24: Round 1 Non-Compliant Children | C24: Round 2 Non-Compliant Children
A25: Religious belief | B25: =SUMIFS(tally_data!$V:$V, tally_data!$A:$A, "Round 1", tally_data!$AJ:$AJ, $A25) -> 239 | C25: =SUMIFS(tally_data!$V:$V, tally_data!$A:$A, "Round 2", tally_data!$AJ:$AJ, $A25) -> 171
A26: Father didn’t allow | B26: =SUMIFS(tally_data!$V:$V, tally_data!$A:$A, "Round 1", tally_data!$AJ:$AJ, $A26) -> 106 | C26: =SUMIFS(tally_data!$V:$V, tally_data!$A:$A, "Round 2", tally_data!$AJ:$AJ, $A26) -> 148
A27: Fatigue from many rounds | B27: =SUMIFS(tally_data!$V:$V, tally_data!$A:$A, "Round 1", tally_data!$AJ:$AJ, $A27) -> 78 | C27: =SUMIFS(tally_data!$V:$V, tally_data!$A:$A, "Round 2", tally_data!$AJ:$AJ, $A27) -> 108
A28: No reason given | B28: =SUMIFS(tally_data!$V:$V, tally_data!$A:$A, "Round 1", tally_data!$AJ:$AJ, $A28) -> 38 | C28: =SUMIFS(tally_data!$V:$V, tally_data!$A:$A, "Round 2", tally_data!$AJ:$AJ, $A28) -> 93
A29: Child sick | B29: =SUMIFS(tally_data!$V:$V, tally_data!$A:$A, "Round 1", tally_data!$AJ:$AJ, $A29) -> 156 | C29: =SUMIFS(tally_data!$V:$V, tally_data!$A:$A, "Round 2", tally_data!$AJ:$AJ, $A29) -> 50
A30: Unhappy (with the team / programme) | B30: =SUMIFS(tally_data!$V:$V, tally_data!$A:$A, "Round 1", tally_data!$AJ:$AJ, $A30) -> 46 | C30: =SUMIFS(tally_data!$V:$V, tally_data!$A:$A, "Round 2", tally_data!$AJ:$AJ, $A30) -> 96
A31: Concerned about adverse effect | B31: =SUMIFS(tally_data!$V:$V, tally_data!$A:$A, "Round 1", tally_data!$AJ:$AJ, $A31) -> 85 | C31: =SUMIFS(tally_data!$V:$V, tally_data!$A:$A, "Round 2", tally_data!$AJ:$AJ, $A31) -> 41
A32: Has an alternative to the vaccine | B32: =SUMIFS(tally_data!$V:$V, tally_data!$A:$A, "Round 1", tally_data!$AJ:$AJ, $A32) -> 42 | C32: =SUMIFS(tally_data!$V:$V, tally_data!$A:$A, "Round 2", tally_data!$AJ:$AJ, $A32) -> 88
A33: Claims to have a cure | B33: =SUMIFS(tally_data!$V:$V, tally_data!$A:$A, "Round 1", tally_data!$AJ:$AJ, $A33) -> 15 | C33: =SUMIFS(tally_data!$V:$V, tally_data!$A:$A, "Round 2", tally_data!$AJ:$AJ, $A33) -> 46
A34: Other (unspecified) | B34: =SUMIFS(tally_data!$V:$V, tally_data!$A:$A, "Round 1", tally_data!$AJ:$AJ, $A34) -> 11 | C34: =SUMIFS(tally_data!$V:$V, tally_data!$A:$A, "Round 2", tally_data!$AJ:$AJ, $A34) -> 3

Sheet Appendix A - Data dictionary
A1: Appendix A — Data dictionary
A2: One row per ward per round in the tally_data sheet. Not every field is needed for the exercise; part of the task is identifying what is relevant.
A4: Field | B4: Definition
A5: Campaign | B5: Vaccination round this record belongs to (Round 1 or Round 2).
A6: TallyID | B6: Unique ID for each ward-round tally record.
A7: State | B7: State name (Marindi).
A8: LGA | B8: Local Government Area; the mid-level administrative unit.
A9: Ward | B9: Ward; the lowest administrative unit. Each ward appears once per round.
A10: DateImp | B10: Campaign implementation date for the round.
A11: No_settlements | B11: Number of settlements covered in the ward.
A12: TargetPop | B12: Target population: eligible children (0–59 months) planned for vaccination.
A13: NoTeams | B13: Number of vaccination teams deployed.
A14: NOHseVist | B14: Number of houses visited.
A15: EligChild | B15: Eligible children enumerated during the campaign.
... A39: Vacc Dosesused | B39: Total vaccine doses opened/used (administered plus wastage); recorded in multiples of 50, as one vial contains 50 doses.

Sheet Appendix B - Reason codes
A1: Appendix B — Non-compliance reason codes
A2: Codes used in the "Noncompliance_child_reason" column. One predominant reason is recorded per ward; it applies to that ward’s non-compliant children. Blank = no non-compliant children in the ward.
A4: Code | B4: Meaning
A5: relbelief | B5: Religious belief
A6: fathernotallowed | B6: Father didn’t allow
A7: manyrnd | B7: Fatigue from many rounds
A8: no_reason | B8: No reason given
A9: sick | B9: Child sick
A10: unhappy | B10: Unhappy (with the team / programme)
A11: adverseeffect | B11: Concerned about adverse effect
A12: otherprotection | B12: Has an alternative to the vaccine
A13: hascure | B13: Claims to have a cure
A14: other | B14: Other (unspecified)
